,2022（令和４）年,国民生活基礎調査,,,
,２健康票,第137表　総傷病数，性・年齢（３区分階級）・傷病（複数回答）・都道府県－21大都市（再掲）別,,,
,注：通院者には、入院者は含まない。,,,,
,傷病（複数回答）,総　　数,65歳以上,65歳以上人口数,65歳以上の傷病数と人口の割合
全　　　国,全　　　国,,,"40,294",0.0%
全　　　国,通院者数,51025,28063,"40,294",69.6%
全　　　国,糖尿病,6811,4804,"40,294",11.9%
全　　　国,肥満症,659,356,"40,294",0.9%
全　　　国,脂質異常症（高コレステロール血症等）,8054,5246,"40,294",13.0%
全　　　国,甲状腺の病気,1821,960,"40,294",2.4%
全　　　国,うつ病やその他のこころの病気,2631,588,"40,294",1.5%
全　　　国,認知症,817,805,"40,294",2.0%
全　　　国,パーキンソン病,288,260,"40,294",0.6%
全　　　国,その他の神経の病気（神経痛・麻痺等）,836,424,"40,294",1.1%
全　　　国,眼の病気,7058,5366,"40,294",13.3%
全　　　国,耳の病気,1281,897,"40,294",2.2%
全　　　国,高血圧症,17240,12604,"40,294",31.3%
全　　　国,脳卒中（脳出血、脳梗塞等）,1305,1039,"40,294",2.6%
全　　　国,狭心症・心筋梗塞,2193,1818,"40,294",4.5%
全　　　国,その他の循環器系の病気,2468,1908,"40,294",4.7%
全　　　国,急性鼻咽頭炎（かぜ）,191,56,"40,294",0.1%
全　　　国,アレルギー性鼻炎,2900,1078,"40,294",2.7%
全　　　国,慢性閉塞性肺疾患（COPD）,206,173,"40,294",0.4%
全　　　国,喘息,1673,697,"40,294",1.7%
全　　　国,その他の呼吸器系の病気,1379,920,"40,294",2.3%
全　　　国,胃・十二指腸の病気,1747,1226,"40,294",3.0%
全　　　国,肝臓・胆のうの病気,1008,631,"40,294",1.6%
全　　　国,その他の消化器系の病気,1721,1019,"40,294",2.5%
全　　　国,歯の病気,6418,3393,"40,294",8.4%
全　　　国,アトピー性皮膚炎,1319,150,"40,294",0.4%
全　　　国,その他の皮膚の病気,2460,1089,"40,294",2.7%
全　　　国,痛風,1306,677,"40,294",1.7%
全　　　国,関節リウマチ,990,680,"40,294",1.7%
全　　　国,関節症,2556,1785,"40,294",4.4%
全　　　国,肩こり症,2804,1513,"40,294",3.8%
全　　　国,腰痛症,5867,3964,"40,294",9.8%
全　　　国,骨粗しょう症,2532,2316,"40,294",5.7%
全　　　国,腎臓の病気,1401,974,"40,294",2.4%
全　　　国,前立腺肥大症,1756,1611,"40,294",4.0%
全　　　国,閉経期又は閉経後障害（更年期障害等）,318,25,"40,294",0.1%
全　　　国,骨折,847,589,"40,294",1.5%
全　　　国,骨折以外のけが・やけど,709,255,"40,294",0.6%
全　　　国,貧血・血液の病気,814,415,"40,294",1.0%
全　　　国,悪性新生物（がん）,1352,875,"40,294",2.2%
全　　　国,妊娠・産褥（切迫流産、前置胎盤等）,104,-,"40,294",#VALUE!
全　　　国,不妊症,109,-,"40,294",#VALUE!
全　　　国,その他,3260,1005,"40,294",2.5%
全　　　国,不　明,171,63,"40,294",0.2%
全　　　国,不　　詳,276,171,"40,294",0.4%
北　海　道,北　海　道,,,"1,953",0.0%
北　海　道,通院者数,2401,1403,"1,953",71.8%
北　海　道,糖尿病,355,252,"1,953",12.9%
北　海　道,肥満症,30,14,"1,953",0.7%
北　海　道,脂質異常症（高コレステロール血症等）,398,263,"1,953",13.5%
北　海　道,甲状腺の病気,104,57,"1,953",2.9%
北　海　道,うつ病やその他のこころの病気,115,26,"1,953",1.3%
北　海　道,認知症,34,33,"1,953",1.7%
北　海　道,パーキンソン病,15,14,"1,953",0.7%
北　海　道,その他の神経の病気（神経痛・麻痺等）,27,13,"1,953",0.7%
北　海　道,眼の病気,284,224,"1,953",11.5%
北　海　道,耳の病気,66,48,"1,953",2.5%
北　海　道,高血圧症,843,635,"1,953",32.5%
北　海　道,脳卒中（脳出血、脳梗塞等）,75,59,"1,953",3.0%
北　海　道,狭心症・心筋梗塞,126,105,"1,953",5.4%
北　海　道,その他の循環器系の病気,139,110,"1,953",5.6%
北　海　道,急性鼻咽頭炎（かぜ）,10,4,"1,953",0.2%
北　海　道,アレルギー性鼻炎,156,65,"1,953",3.3%
北　海　道,慢性閉塞性肺疾患（COPD）,7,7,"1,953",0.4%
北　海　道,喘息,103,55,"1,953",2.8%
北　海　道,その他の呼吸器系の病気,71,48,"1,953",2.5%
北　海　道,胃・十二指腸の病気,91,66,"1,953",3.4%
北　海　道,肝臓・胆のうの病気,66,42,"1,953",2.2%
北　海　道,その他の消化器系の病気,96,59,"1,953",3.0%
北　海　道,歯の病気,244,129,"1,953",6.6%
北　海　道,アトピー性皮膚炎,66,11,"1,953",0.6%
北　海　道,その他の皮膚の病気,112,54,"1,953",2.8%
北　海　道,痛風,65,36,"1,953",1.8%
北　海　道,関節リウマチ,58,42,"1,953",2.2%
北　海　道,関節症,111,76,"1,953",3.9%
北　海　道,肩こり症,112,68,"1,953",3.5%
北　海　道,腰痛症,230,166,"1,953",8.5%
北　海　道,骨粗しょう症,113,104,"1,953",5.3%
北　海　道,腎臓の病気,61,41,"1,953",2.1%
北　海　道,前立腺肥大症,92,84,"1,953",4.3%
北　海　道,閉経期又は閉経後障害（更年期障害等）,15,2,"1,953",0.1%
北　海　道,骨折,28,24,"1,953",1.2%
北　海　道,骨折以外のけが・やけど,30,14,"1,953",0.7%
北　海　道,貧血・血液の病気,36,15,"1,953",0.8%
北　海　道,悪性新生物（がん）,73,45,"1,953",2.3%
北　海　道,妊娠・産褥（切迫流産、前置胎盤等）,6,-,"1,953",#VALUE!
北　海　道,不妊症,2,-,"1,953",#VALUE!
北　海　道,その他,166,54,"1,953",2.8%
北　海　道,不　明,8,1,"1,953",0.1%
北　海　道,不　　詳,12,7,"1,953",0.4%
青　　　森,青　　　森,,,436,0.0%
青　　　森,通院者数,566,314,436,72.0%
青　　　森,糖尿病,85,58,436,13.3%
青　　　森,肥満症,6,3,436,0.7%
青　　　森,脂質異常症（高コレステロール血症等）,99,58,436,13.3%
青　　　森,甲状腺の病気,17,9,436,2.1%
青　　　森,うつ病やその他のこころの病気,25,7,436,1.6%
青　　　森,認知症,8,7,436,1.6%
青　　　森,パーキンソン病,2,2,436,0.5%
青　　　森,その他の神経の病気（神経痛・麻痺等）,10,6,436,1.4%
青　　　森,眼の病気,83,64,436,14.7%
青　　　森,耳の病気,15,11,436,2.5%
青　　　森,高血圧症,222,152,436,34.9%
青　　　森,脳卒中（脳出血、脳梗塞等）,17,14,436,3.2%
青　　　森,狭心症・心筋梗塞,29,24,436,5.5%
青　　　森,その他の循環器系の病気,27,20,436,4.6%
青　　　森,急性鼻咽頭炎（かぜ）,2,0,436,0.0%
青　　　森,アレルギー性鼻炎,32,9,436,2.1%
青　　　森,慢性閉塞性肺疾患（COPD）,1,1,436,0.2%
青　　　森,喘息,18,8,436,1.8%
青　　　森,その他の呼吸器系の病気,12,9,436,2.1%
青　　　森,胃・十二指腸の病気,20,13,436,3.0%
青　　　森,肝臓・胆のうの病気,11,7,436,1.6%
青　　　森,その他の消化器系の病気,17,10,436,2.3%
青　　　森,歯の病気,44,19,436,4.4%
青　　　森,アトピー性皮膚炎,8,1,436,0.2%
青　　　森,その他の皮膚の病気,23,11,436,2.5%
青　　　森,痛風,16,7,436,1.6%
青　　　森,関節リウマチ,13,9,436,2.1%
青　　　森,関節症,28,21,436,4.8%
青　　　森,肩こり症,18,12,436,2.8%
青　　　森,腰痛症,62,43,436,9.9%
青　　　森,骨粗しょう症,35,32,436,7.3%
青　　　森,腎臓の病気,14,9,436,2.1%
青　　　森,前立腺肥大症,19,16,436,3.7%
青　　　森,閉経期又は閉経後障害（更年期障害等）,3,1,436,0.2%
青　　　森,骨折,7,3,436,0.7%
青　　　森,骨折以外のけが・やけど,6,3,436,0.7%
青　　　森,貧血・血液の病気,8,4,436,0.9%
青　　　森,悪性新生物（がん）,12,8,436,1.8%
青　　　森,妊娠・産褥（切迫流産、前置胎盤等）,1,-,436,#VALUE!
青　　　森,不妊症,1,-,436,#VALUE!
青　　　森,その他,36,11,436,2.5%
青　　　森,不　明,1,1,436,0.2%
青　　　森,不　　詳,2,1,436,0.2%
岩　　　手,岩　　　手,,,442,0.0%
岩　　　手,通院者数,578,326,442,73.8%
岩　　　手,糖尿病,81,57,442,12.9%
岩　　　手,肥満症,8,4,442,0.9%
岩　　　手,脂質異常症（高コレステロール血症等）,90,58,442,13.1%
岩　　　手,甲状腺の病気,19,11,442,2.5%
岩　　　手,うつ病やその他のこころの病気,31,9,442,2.0%
岩　　　手,認知症,10,10,442,2.3%
岩　　　手,パーキンソン病,2,2,442,0.5%
岩　　　手,その他の神経の病気（神経痛・麻痺等）,10,5,442,1.1%
岩　　　手,眼の病気,91,70,442,15.8%
岩　　　手,耳の病気,13,9,442,2.0%
岩　　　手,高血圧症,228,168,442,38.0%
岩　　　手,脳卒中（脳出血、脳梗塞等）,19,16,442,3.6%
岩　　　手,狭心症・心筋梗塞,24,20,442,4.5%
岩　　　手,その他の循環器系の病気,36,27,442,6.1%
岩　　　手,急性鼻咽頭炎（かぜ）,2,1,442,0.2%
岩　　　手,アレルギー性鼻炎,31,11,442,2.5%
岩　　　手,慢性閉塞性肺疾患（COPD）,2,2,442,0.5%
岩　　　手,喘息,17,8,442,1.8%
岩　　　手,その他の呼吸器系の病気,14,9,442,2.0%
岩　　　手,胃・十二指腸の病気,26,18,442,4.1%
岩　　　手,肝臓・胆のうの病気,12,7,442,1.6%
岩　　　手,その他の消化器系の病気,19,11,442,2.5%
岩　　　手,歯の病気,63,32,442,7.2%
岩　　　手,アトピー性皮膚炎,12,2,442,0.5%
岩　　　手,その他の皮膚の病気,28,12,442,2.7%
岩　　　手,痛風,17,8,442,1.8%
岩　　　手,関節リウマチ,11,8,442,1.8%
岩　　　手,関節症,28,20,442,4.5%
岩　　　手,肩こり症,23,14,442,3.2%
岩　　　手,腰痛症,64,46,442,10.4%
岩　　　手,骨粗しょう症,34,32,442,7.2%
岩　　　手,腎臓の病気,13,9,442,2.0%
岩　　　手,前立腺肥大症,21,19,442,4.3%
岩　　　手,閉経期又は閉経後障害（更年期障害等）,4,0,442,0.0%
岩　　　手,骨折,8,5,442,1.1%
岩　　　手,骨折以外のけが・やけど,7,3,442,0.7%
岩　　　手,貧血・血液の病気,11,5,442,1.1%
岩　　　手,悪性新生物（がん）,14,9,442,2.0%
岩　　　手,妊娠・産褥（切迫流産、前置胎盤等）,1,-,442,#VALUE!
岩　　　手,不妊症,0,-,442,#VALUE!
岩　　　手,その他,34,9,442,2.0%
岩　　　手,不　明,2,1,442,0.2%
岩　　　手,不　　詳,3,2,442,0.5%
宮　　　城,宮　　　城,,,739,0.0%
宮　　　城,通院者数,1042,543,739,73.5%
宮　　　城,糖尿病,144,101,739,13.7%
宮　　　城,肥満症,13,5,739,0.7%
宮　　　城,脂質異常症（高コレステロール血症等）,187,118,739,16.0%
宮　　　城,甲状腺の病気,36,19,739,2.6%
宮　　　城,うつ病やその他のこころの病気,50,11,739,1.5%
宮　　　城,認知症,15,14,739,1.9%
宮　　　城,パーキンソン病,4,4,739,0.5%
宮　　　城,その他の神経の病気（神経痛・麻痺等）,17,10,739,1.4%
宮　　　城,眼の病気,163,124,739,16.8%
宮　　　城,耳の病気,23,16,739,2.2%
宮　　　城,高血圧症,378,267,739,36.1%
宮　　　城,脳卒中（脳出血、脳梗塞等）,24,18,739,2.4%
宮　　　城,狭心症・心筋梗塞,46,38,739,5.1%
宮　　　城,その他の循環器系の病気,48,36,739,4.9%
宮　　　城,急性鼻咽頭炎（かぜ）,3,1,739,0.1%
宮　　　城,アレルギー性鼻炎,57,19,739,2.6%
宮　　　城,慢性閉塞性肺疾患（COPD）,3,2,739,0.3%
宮　　　城,喘息,32,13,739,1.8%
宮　　　城,その他の呼吸器系の病気,24,15,739,2.0%
宮　　　城,胃・十二指腸の病気,42,30,739,4.1%
宮　　　城,肝臓・胆のうの病気,22,14,739,1.9%
宮　　　城,その他の消化器系の病気,36,20,739,2.7%
宮　　　城,歯の病気,139,73,739,9.9%
宮　　　城,アトピー性皮膚炎,29,2,739,0.3%
宮　　　城,その他の皮膚の病気,48,17,739,2.3%
宮　　　城,痛風,27,15,739,2.0%
宮　　　城,関節リウマチ,16,10,739,1.4%
宮　　　城,関節症,46,33,739,4.5%
宮　　　城,肩こり症,49,21,739,2.8%
宮　　　城,腰痛症,117,74,739,10.0%
宮　　　城,骨粗しょう症,55,51,739,6.9%
宮　　　城,腎臓の病気,22,14,739,1.9%
宮　　　城,前立腺肥大症,34,31,739,4.2%
宮　　　城,閉経期又は閉経後障害（更年期障害等）,8,1,739,0.1%
宮　　　城,骨折,15,10,739,1.4%
宮　　　城,骨折以外のけが・やけど,14,7,739,0.9%
宮　　　城,貧血・血液の病気,17,9,739,1.2%
宮　　　城,悪性新生物（がん）,27,19,739,2.6%
宮　　　城,妊娠・産褥（切迫流産、前置胎盤等）,2,-,739,#VALUE!
宮　　　城,不妊症,2,-,739,#VALUE!
宮　　　城,その他,70,18,739,2.4%
宮　　　城,不　明,4,2,739,0.3%
宮　　　城,不　　詳,4,2,739,0.3%
秋　　　田,秋　　　田,,,375,0.0%
秋　　　田,通院者数,461,269,375,71.7%
秋　　　田,糖尿病,66,44,375,11.7%
秋　　　田,肥満症,5,3,375,0.8%
秋　　　田,脂質異常症（高コレステロール血症等）,86,55,375,14.7%
秋　　　田,甲状腺の病気,13,7,375,1.9%
秋　　　田,うつ病やその他のこころの病気,18,5,375,1.3%
秋　　　田,認知症,12,11,375,2.9%
秋　　　田,パーキンソン病,2,2,375,0.5%
秋　　　田,その他の神経の病気（神経痛・麻痺等）,8,5,375,1.3%
秋　　　田,眼の病気,64,51,375,13.6%
秋　　　田,耳の病気,12,10,375,2.7%
秋　　　田,高血圧症,184,134,375,35.7%
秋　　　田,脳卒中（脳出血、脳梗塞等）,13,11,375,2.9%
秋　　　田,狭心症・心筋梗塞,21,17,375,4.5%
秋　　　田,その他の循環器系の病気,28,22,375,5.9%
秋　　　田,急性鼻咽頭炎（かぜ）,2,1,375,0.3%
秋　　　田,アレルギー性鼻炎,23,8,375,2.1%
秋　　　田,慢性閉塞性肺疾患（COPD）,2,1,375,0.3%
秋　　　田,喘息,12,5,375,1.3%
秋　　　田,その他の呼吸器系の病気,11,9,375,2.4%
秋　　　田,胃・十二指腸の病気,21,16,375,4.3%
秋　　　田,肝臓・胆のうの病気,10,7,375,1.9%
秋　　　田,その他の消化器系の病気,18,12,375,3.2%
秋　　　田,歯の病気,46,23,375,6.1%
秋　　　田,アトピー性皮膚炎,8,0,375,0.0%
秋　　　田,その他の皮膚の病気,21,10,375,2.7%
秋　　　田,痛風,16,7,375,1.9%
秋　　　田,関節リウマチ,8,6,375,1.6%
秋　　　田,関節症,22,17,375,4.5%
秋　　　田,肩こり症,18,11,375,2.9%
秋　　　田,腰痛症,53,40,375,10.7%
秋　　　田,骨粗しょう症,27,25,375,6.7%
秋　　　田,腎臓の病気,10,7,375,1.9%
秋　　　田,前立腺肥大症,16,14,375,3.7%
秋　　　田,閉経期又は閉経後障害（更年期障害等）,2,0,375,0.0%
秋　　　田,骨折,8,6,375,1.6%
秋　　　田,骨折以外のけが・やけど,6,3,375,0.8%
秋　　　田,貧血・血液の病気,8,5,375,1.3%
秋　　　田,悪性新生物（がん）,11,7,375,1.9%
秋　　　田,妊娠・産褥（切迫流産、前置胎盤等）,1,-,375,#VALUE!
秋　　　田,不妊症,0,-,375,#VALUE!
秋　　　田,その他,29,10,375,2.7%
秋　　　田,不　明,2,1,375,0.3%
秋　　　田,不　　詳,3,2,375,0.5%
山　　　形,山　　　形,,,385,0.0%
山　　　形,通院者数,503,277,385,71.9%
山　　　形,糖尿病,63,45,385,11.7%
山　　　形,肥満症,7,5,385,1.3%
山　　　形,脂質異常症（高コレステロール血症等）,95,59,385,15.3%
山　　　形,甲状腺の病気,14,7,385,1.8%
山　　　形,うつ病やその他のこころの病気,21,6,385,1.6%
山　　　形,認知症,9,9,385,2.3%
山　　　形,パーキンソン病,3,3,385,0.8%
山　　　形,その他の神経の病気（神経痛・麻痺等）,7,3,385,0.8%
山　　　形,眼の病気,74,60,385,15.6%
山　　　形,耳の病気,12,9,385,2.3%
山　　　形,高血圧症,198,139,385,36.1%
山　　　形,脳卒中（脳出血、脳梗塞等）,14,11,385,2.9%
山　　　形,狭心症・心筋梗塞,25,21,385,5.5%
山　　　形,その他の循環器系の病気,24,18,385,4.7%
山　　　形,急性鼻咽頭炎（かぜ）,1,0,385,0.0%
山　　　形,アレルギー性鼻炎,25,8,385,2.1%
山　　　形,慢性閉塞性肺疾患（COPD）,1,1,385,0.3%
山　　　形,喘息,13,6,385,1.6%
山　　　形,その他の呼吸器系の病気,11,7,385,1.8%
山　　　形,胃・十二指腸の病気,20,15,385,3.9%
山　　　形,肝臓・胆のうの病気,10,6,385,1.6%
山　　　形,その他の消化器系の病気,15,9,385,2.3%
山　　　形,歯の病気,61,32,385,8.3%
山　　　形,アトピー性皮膚炎,11,1,385,0.3%
山　　　形,その他の皮膚の病気,19,7,385,1.8%
山　　　形,痛風,13,6,385,1.6%
山　　　形,関節リウマチ,9,7,385,1.8%
山　　　形,関節症,26,18,385,4.7%
山　　　形,肩こり症,19,10,385,2.6%
山　　　形,腰痛症,55,35,385,9.1%
山　　　形,骨粗しょう症,25,22,385,5.7%
山　　　形,腎臓の病気,11,7,385,1.8%
山　　　形,前立腺肥大症,17,15,385,3.9%
山　　　形,閉経期又は閉経後障害（更年期障害等）,3,-,385,#VALUE!
山　　　形,骨折,9,6,385,1.6%
山　　　形,骨折以外のけが・やけど,8,3,385,0.8%
山　　　形,貧血・血液の病気,9,4,385,1.0%
山　　　形,悪性新生物（がん）,11,7,385,1.8%
山　　　形,妊娠・産褥（切迫流産、前置胎盤等）,1,-,385,#VALUE!
山　　　形,不妊症,1,-,385,#VALUE!
山　　　形,その他,32,9,385,2.3%
山　　　形,不　明,2,1,385,0.3%
山　　　形,不　　詳,3,2,385,0.5%
福　　　島,福　　　島,,,625,0.0%
福　　　島,通院者数,817,458,625,73.3%
福　　　島,糖尿病,122,82,625,13.1%
福　　　島,肥満症,10,4,625,0.6%
福　　　島,脂質異常症（高コレステロール血症等）,142,89,625,14.2%
福　　　島,甲状腺の病気,22,11,625,1.8%
福　　　島,うつ病やその他のこころの病気,41,10,625,1.6%
福　　　島,認知症,14,14,625,2.2%
福　　　島,パーキンソン病,5,5,625,0.8%
福　　　島,その他の神経の病気（神経痛・麻痺等）,15,7,625,1.1%
福　　　島,眼の病気,117,95,625,15.2%
福　　　島,耳の病気,18,12,625,1.9%
福　　　島,高血圧症,320,231,625,37.0%
福　　　島,脳卒中（脳出血、脳梗塞等）,20,16,625,2.6%
福　　　島,狭心症・心筋梗塞,40,34,625,5.4%
福　　　島,その他の循環器系の病気,35,27,625,4.3%
福　　　島,急性鼻咽頭炎（かぜ）,3,1,625,0.2%
福　　　島,アレルギー性鼻炎,41,13,625,2.1%
福　　　島,慢性閉塞性肺疾患（COPD）,2,2,625,0.3%
福　　　島,喘息,21,10,625,1.6%
福　　　島,その他の呼吸器系の病気,20,13,625,2.1%
福　　　島,胃・十二指腸の病気,34,25,625,4.0%
福　　　島,肝臓・胆のうの病気,17,11,625,1.8%
福　　　島,その他の消化器系の病気,24,14,625,2.2%
福　　　島,歯の病気,94,49,625,7.8%
福　　　島,アトピー性皮膚炎,18,1,625,0.2%
福　　　島,その他の皮膚の病気,33,13,625,2.1%
福　　　島,痛風,23,12,625,1.9%
福　　　島,関節リウマチ,15,10,625,1.6%
福　　　島,関節症,40,29,625,4.6%
福　　　島,肩こり症,39,23,625,3.7%
福　　　島,腰痛症,92,65,625,10.4%
福　　　島,骨粗しょう症,41,37,625,5.9%
福　　　島,腎臓の病気,21,14,625,2.2%
福　　　島,前立腺肥大症,30,27,625,4.3%
福　　　島,閉経期又は閉経後障害（更年期障害等）,4,1,625,0.2%
福　　　島,骨折,12,8,625,1.3%
福　　　島,骨折以外のけが・やけど,12,4,625,0.6%
福　　　島,貧血・血液の病気,15,8,625,1.3%
福　　　島,悪性新生物（がん）,20,12,625,1.9%
福　　　島,妊娠・産褥（切迫流産、前置胎盤等）,1,-,625,#VALUE!
福　　　島,不妊症,2,-,625,#VALUE!
福　　　島,その他,46,15,625,2.4%
福　　　島,不　明,1,0,625,0.0%
福　　　島,不　　詳,5,3,625,0.5%
茨　　　城,茨　　　城,,,926,0.0%
茨　　　城,通院者数,1196,641,926,69.2%
茨　　　城,糖尿病,161,112,926,12.1%
茨　　　城,肥満症,18,6,926,0.6%
茨　　　城,脂質異常症（高コレステロール血症等）,176,107,926,11.6%
茨　　　城,甲状腺の病気,33,16,926,1.7%
茨　　　城,うつ病やその他のこころの病気,56,9,926,1.0%
茨　　　城,認知症,12,12,926,1.3%
茨　　　城,パーキンソン病,5,5,926,0.5%
茨　　　城,その他の神経の病気（神経痛・麻痺等）,18,6,926,0.6%
茨　　　城,眼の病気,158,119,926,12.9%
茨　　　城,耳の病気,30,20,926,2.2%
茨　　　城,高血圧症,420,302,926,32.6%
茨　　　城,脳卒中（脳出血、脳梗塞等）,27,20,926,2.2%
茨　　　城,狭心症・心筋梗塞,52,42,926,4.5%
茨　　　城,その他の循環器系の病気,56,40,926,4.3%
茨　　　城,急性鼻咽頭炎（かぜ）,4,1,926,0.1%
茨　　　城,アレルギー性鼻炎,52,16,926,1.7%
茨　　　城,慢性閉塞性肺疾患（COPD）,5,4,926,0.4%
茨　　　城,喘息,37,16,926,1.7%
茨　　　城,その他の呼吸器系の病気,33,23,926,2.5%
茨　　　城,胃・十二指腸の病気,45,32,926,3.5%
茨　　　城,肝臓・胆のうの病気,23,16,926,1.7%
茨　　　城,その他の消化器系の病気,38,22,926,2.4%
茨　　　城,歯の病気,140,68,926,7.3%
茨　　　城,アトピー性皮膚炎,21,1,926,0.1%
茨　　　城,その他の皮膚の病気,50,17,926,1.8%
茨　　　城,痛風,33,18,926,1.9%
茨　　　城,関節リウマチ,25,17,926,1.8%
茨　　　城,関節症,51,34,926,3.7%
茨　　　城,肩こり症,45,24,926,2.6%
茨　　　城,腰痛症,127,84,926,9.1%
茨　　　城,骨粗しょう症,52,48,926,5.2%
茨　　　城,腎臓の病気,25,18,926,1.9%
茨　　　城,前立腺肥大症,37,36,926,3.9%
茨　　　城,閉経期又は閉経後障害（更年期障害等）,7,0,926,0.0%
茨　　　城,骨折,18,12,926,1.3%
茨　　　城,骨折以外のけが・やけど,14,4,926,0.4%
茨　　　城,貧血・血液の病気,15,7,926,0.8%
茨　　　城,悪性新生物（がん）,27,17,926,1.8%
茨　　　城,妊娠・産褥（切迫流産、前置胎盤等）,3,-,926,#VALUE!
茨　　　城,不妊症,3,-,926,#VALUE!
茨　　　城,その他,83,20,926,2.2%
茨　　　城,不　明,5,2,926,0.2%
茨　　　城,不　　詳,5,3,926,0.3%
栃　　　木,栃　　　木,,,573,0.0%
栃　　　木,通院者数,809,407,573,71.0%
栃　　　木,糖尿病,106,75,573,13.1%
栃　　　木,肥満症,8,4,573,0.7%
栃　　　木,脂質異常症（高コレステロール血症等）,126,78,573,13.6%
栃　　　木,甲状腺の病気,22,10,573,1.7%
栃　　　木,うつ病やその他のこころの病気,37,4,573,0.7%
栃　　　木,認知症,10,10,573,1.7%
栃　　　木,パーキンソン病,2,2,573,0.3%
栃　　　木,その他の神経の病気（神経痛・麻痺等）,13,6,573,1.0%
栃　　　木,眼の病気,99,72,573,12.6%
栃　　　木,耳の病気,18,10,573,1.7%
栃　　　木,高血圧症,273,195,573,34.0%
栃　　　木,脳卒中（脳出血、脳梗塞等）,20,16,573,2.8%
栃　　　木,狭心症・心筋梗塞,34,29,573,5.1%
栃　　　木,その他の循環器系の病気,37,24,573,4.2%
栃　　　木,急性鼻咽頭炎（かぜ）,2,1,573,0.2%
栃　　　木,アレルギー性鼻炎,49,12,573,2.1%
栃　　　木,慢性閉塞性肺疾患（COPD）,3,2,573,0.3%
栃　　　木,喘息,27,10,573,1.7%
栃　　　木,その他の呼吸器系の病気,21,12,573,2.1%
栃　　　木,胃・十二指腸の病気,28,18,573,3.1%
栃　　　木,肝臓・胆のうの病気,15,7,573,1.2%
栃　　　木,その他の消化器系の病気,28,15,573,2.6%
栃　　　木,歯の病気,101,47,573,8.2%
栃　　　木,アトピー性皮膚炎,20,2,573,0.3%
栃　　　木,その他の皮膚の病気,32,12,573,2.1%
栃　　　木,痛風,19,9,573,1.6%
栃　　　木,関節リウマチ,14,9,573,1.6%
栃　　　木,関節症,27,17,573,3.0%
栃　　　木,肩こり症,35,16,573,2.8%
栃　　　木,腰痛症,75,48,573,8.4%
栃　　　木,骨粗しょう症,32,28,573,4.9%
栃　　　木,腎臓の病気,20,14,573,2.4%
栃　　　木,前立腺肥大症,25,22,573,3.8%
栃　　　木,閉経期又は閉経後障害（更年期障害等）,5,0,573,0.0%
栃　　　木,骨折,9,5,573,0.9%
栃　　　木,骨折以外のけが・やけど,11,3,573,0.5%
栃　　　木,貧血・血液の病気,13,6,573,1.0%
栃　　　木,悪性新生物（がん）,20,11,573,1.9%
栃　　　木,妊娠・産褥（切迫流産、前置胎盤等）,1,-,573,#VALUE!
栃　　　木,不妊症,3,-,573,#VALUE!
栃　　　木,その他,56,14,573,2.4%
栃　　　木,不　明,2,-,573,#VALUE!
栃　　　木,不　　詳,4,2,573,0.3%
群　　　馬,群　　　馬,,,613,0.0%
群　　　馬,通院者数,771,420,613,68.5%
群　　　馬,糖尿病,109,76,613,12.4%
群　　　馬,肥満症,8,3,613,0.5%
群　　　馬,脂質異常症（高コレステロール血症等）,118,75,613,12.2%
群　　　馬,甲状腺の病気,28,16,613,2.6%
群　　　馬,うつ病やその他のこころの病気,38,9,613,1.5%
群　　　馬,認知症,10,10,613,1.6%
群　　　馬,パーキンソン病,4,4,613,0.7%
群　　　馬,その他の神経の病気（神経痛・麻痺等）,12,4,613,0.7%
群　　　馬,眼の病気,88,67,613,10.9%
群　　　馬,耳の病気,18,13,613,2.1%
群　　　馬,高血圧症,267,191,613,31.2%
群　　　馬,脳卒中（脳出血、脳梗塞等）,20,14,613,2.3%
群　　　馬,狭心症・心筋梗塞,34,27,613,4.4%
群　　　馬,その他の循環器系の病気,38,29,613,4.7%
群　　　馬,急性鼻咽頭炎（かぜ）,2,0,613,0.0%
群　　　馬,アレルギー性鼻炎,45,18,613,2.9%
群　　　馬,慢性閉塞性肺疾患（COPD）,2,2,613,0.3%
群　　　馬,喘息,23,10,613,1.6%
群　　　馬,その他の呼吸器系の病気,18,12,613,2.0%
群　　　馬,胃・十二指腸の病気,27,19,613,3.1%
群　　　馬,肝臓・胆のうの病気,14,9,613,1.5%
群　　　馬,その他の消化器系の病気,22,13,613,2.1%
群　　　馬,歯の病気,96,47,613,7.7%
群　　　馬,アトピー性皮膚炎,18,2,613,0.3%
群　　　馬,その他の皮膚の病気,31,14,613,2.3%
群　　　馬,痛風,20,11,613,1.8%
群　　　馬,関節リウマチ,15,9,613,1.5%
群　　　馬,関節症,30,20,613,3.3%
群　　　馬,肩こり症,29,16,613,2.6%
群　　　馬,腰痛症,80,56,613,9.1%
群　　　馬,骨粗しょう症,39,36,613,5.9%
群　　　馬,腎臓の病気,19,14,613,2.3%
群　　　馬,前立腺肥大症,26,24,613,3.9%
群　　　馬,閉経期又は閉経後障害（更年期障害等）,4,0,613,0.0%
群　　　馬,骨折,14,10,613,1.6%
群　　　馬,骨折以外のけが・やけど,12,4,613,0.7%
群　　　馬,貧血・血液の病気,14,8,613,1.3%
群　　　馬,悪性新生物（がん）,19,12,613,2.0%
群　　　馬,妊娠・産褥（切迫流産、前置胎盤等）,1,-,613,#VALUE!
群　　　馬,不妊症,2,-,613,#VALUE!
群　　　馬,その他,52,16,613,2.6%
群　　　馬,不　明,3,0,613,0.0%
群　　　馬,不　　詳,5,3,613,0.5%
埼　　　玉,埼　　　玉,,,"2,238",0.0%
埼　　　玉,通院者数,2618,1483,"2,238",66.3%
埼　　　玉,糖尿病,384,290,"2,238",13.0%
埼　　　玉,肥満症,31,15,"2,238",0.7%
埼　　　玉,脂質異常症（高コレステロール血症等）,400,268,"2,238",12.0%
埼　　　玉,甲状腺の病気,93,50,"2,238",2.2%
埼　　　玉,うつ病やその他のこころの病気,139,34,"2,238",1.5%
埼　　　玉,認知症,51,50,"2,238",2.2%
埼　　　玉,パーキンソン病,14,14,"2,238",0.6%
埼　　　玉,その他の神経の病気（神経痛・麻痺等）,39,20,"2,238",0.9%
埼　　　玉,眼の病気,372,280,"2,238",12.5%
埼　　　玉,耳の病気,66,42,"2,238",1.9%
埼　　　玉,高血圧症,906,647,"2,238",28.9%
埼　　　玉,脳卒中（脳出血、脳梗塞等）,69,52,"2,238",2.3%
埼　　　玉,狭心症・心筋梗塞,109,86,"2,238",3.8%
埼　　　玉,その他の循環器系の病気,118,96,"2,238",4.3%
埼　　　玉,急性鼻咽頭炎（かぜ）,9,1,"2,238",0.0%
埼　　　玉,アレルギー性鼻炎,140,57,"2,238",2.5%
埼　　　玉,慢性閉塞性肺疾患（COPD）,7,6,"2,238",0.3%
埼　　　玉,喘息,82,34,"2,238",1.5%
埼　　　玉,その他の呼吸器系の病気,66,40,"2,238",1.8%
埼　　　玉,胃・十二指腸の病気,85,53,"2,238",2.4%
埼　　　玉,肝臓・胆のうの病気,53,32,"2,238",1.4%
埼　　　玉,その他の消化器系の病気,93,55,"2,238",2.5%
埼　　　玉,歯の病気,365,198,"2,238",8.8%
埼　　　玉,アトピー性皮膚炎,56,5,"2,238",0.2%
埼　　　玉,その他の皮膚の病気,130,60,"2,238",2.7%
埼　　　玉,痛風,66,31,"2,238",1.4%
埼　　　玉,関節リウマチ,49,32,"2,238",1.4%
埼　　　玉,関節症,105,73,"2,238",3.3%
埼　　　玉,肩こり症,131,64,"2,238",2.9%
埼　　　玉,腰痛症,310,210,"2,238",9.4%
埼　　　玉,骨粗しょう症,140,123,"2,238",5.5%
埼　　　玉,腎臓の病気,69,49,"2,238",2.2%
埼　　　玉,前立腺肥大症,78,72,"2,238",3.2%
埼　　　玉,閉経期又は閉経後障害（更年期障害等）,15,1,"2,238",0.0%
埼　　　玉,骨折,34,27,"2,238",1.2%
埼　　　玉,骨折以外のけが・やけど,38,11,"2,238",0.5%
埼　　　玉,貧血・血液の病気,40,19,"2,238",0.8%
埼　　　玉,悪性新生物（がん）,58,42,"2,238",1.9%
埼　　　玉,妊娠・産褥（切迫流産、前置胎盤等）,3,-,"2,238",#VALUE!
埼　　　玉,不妊症,4,-,"2,238",#VALUE!
埼　　　玉,その他,139,46,"2,238",2.1%
埼　　　玉,不　明,7,3,"2,238",0.1%
埼　　　玉,不　　詳,12,8,"2,238",0.4%
千　　　葉,千　　　葉,,,"1,838",0.0%
千　　　葉,通院者数,2562,1262,"1,838",68.7%
千　　　葉,糖尿病,331,213,"1,838",11.6%
千　　　葉,肥満症,35,20,"1,838",1.1%
千　　　葉,脂質異常症（高コレステロール血症等）,437,275,"1,838",15.0%
千　　　葉,甲状腺の病気,91,43,"1,838",2.3%
千　　　葉,うつ病やその他のこころの病気,125,16,"1,838",0.9%
千　　　葉,認知症,31,31,"1,838",1.7%
千　　　葉,パーキンソン病,7,6,"1,838",0.3%
千　　　葉,その他の神経の病気（神経痛・麻痺等）,35,11,"1,838",0.6%
千　　　葉,眼の病気,352,247,"1,838",13.4%
千　　　葉,耳の病気,60,40,"1,838",2.2%
千　　　葉,高血圧症,807,584,"1,838",31.8%
千　　　葉,脳卒中（脳出血、脳梗塞等）,54,40,"1,838",2.2%
千　　　葉,狭心症・心筋梗塞,97,76,"1,838",4.1%
千　　　葉,その他の循環器系の病気,113,76,"1,838",4.1%
千　　　葉,急性鼻咽頭炎（かぜ）,8,2,"1,838",0.1%
千　　　葉,アレルギー性鼻炎,147,45,"1,838",2.4%
千　　　葉,慢性閉塞性肺疾患（COPD）,16,12,"1,838",0.7%
千　　　葉,喘息,97,37,"1,838",2.0%
千　　　葉,その他の呼吸器系の病気,65,38,"1,838",2.1%
千　　　葉,胃・十二指腸の病気,82,61,"1,838",3.3%
千　　　葉,肝臓・胆のうの病気,47,28,"1,838",1.5%
千　　　葉,その他の消化器系の病気,82,45,"1,838",2.4%
千　　　葉,歯の病気,351,165,"1,838",9.0%
千　　　葉,アトピー性皮膚炎,71,4,"1,838",0.2%
千　　　葉,その他の皮膚の病気,121,37,"1,838",2.0%
千　　　葉,痛風,56,27,"1,838",1.5%
千　　　葉,関節リウマチ,39,26,"1,838",1.4%
千　　　葉,関節症,124,84,"1,838",4.6%
千　　　葉,肩こり症,125,58,"1,838",3.2%
千　　　葉,腰痛症,253,157,"1,838",8.5%
千　　　葉,骨粗しょう症,118,111,"1,838",6.0%
千　　　葉,腎臓の病気,69,42,"1,838",2.3%
千　　　葉,前立腺肥大症,90,82,"1,838",4.5%
千　　　葉,閉経期又は閉経後障害（更年期障害等）,17,1,"1,838",0.1%
千　　　葉,骨折,40,23,"1,838",1.3%
千　　　葉,骨折以外のけが・やけど,43,15,"1,838",0.8%
千　　　葉,貧血・血液の病気,48,20,"1,838",1.1%
千　　　葉,悪性新生物（がん）,63,38,"1,838",2.1%
千　　　葉,妊娠・産褥（切迫流産、前置胎盤等）,5,-,"1,838",#VALUE!
千　　　葉,不妊症,3,-,"1,838",#VALUE!
千　　　葉,その他,177,40,"1,838",2.2%
千　　　葉,不　明,11,4,"1,838",0.2%
千　　　葉,不　　詳,11,5,"1,838",0.3%
東　　　京,東　　　京,,,"3,707",0.0%
東　　　京,通院者数,4894,2510,"3,707",67.7%
東　　　京,糖尿病,592,396,"3,707",10.7%
東　　　京,肥満症,61,35,"3,707",0.9%
東　　　京,脂質異常症（高コレステロール血症等）,749,467,"3,707",12.6%
東　　　京,甲状腺の病気,174,88,"3,707",2.4%
東　　　京,うつ病やその他のこころの病気,307,55,"3,707",1.5%
東　　　京,認知症,78,78,"3,707",2.1%
東　　　京,パーキンソン病,44,39,"3,707",1.1%
東　　　京,その他の神経の病気（神経痛・麻痺等）,97,46,"3,707",1.2%
東　　　京,眼の病気,668,477,"3,707",12.9%
東　　　京,耳の病気,106,72,"3,707",1.9%
東　　　京,高血圧症,1442,1034,"3,707",27.9%
東　　　京,脳卒中（脳出血、脳梗塞等）,106,86,"3,707",2.3%
東　　　京,狭心症・心筋梗塞,181,150,"3,707",4.0%
東　　　京,その他の循環器系の病気,215,166,"3,707",4.5%
東　　　京,急性鼻咽頭炎（かぜ）,26,5,"3,707",0.1%
東　　　京,アレルギー性鼻炎,300,102,"3,707",2.8%
東　　　京,慢性閉塞性肺疾患（COPD）,22,20,"3,707",0.5%
東　　　京,喘息,180,66,"3,707",1.8%
東　　　京,その他の呼吸器系の病気,149,85,"3,707",2.3%
東　　　京,胃・十二指腸の病気,173,115,"3,707",3.1%
東　　　京,肝臓・胆のうの病気,74,39,"3,707",1.1%
東　　　京,その他の消化器系の病気,182,95,"3,707",2.6%
東　　　京,歯の病気,677,341,"3,707",9.2%
東　　　京,アトピー性皮膚炎,162,17,"3,707",0.5%
東　　　京,その他の皮膚の病気,279,91,"3,707",2.5%
東　　　京,痛風,107,39,"3,707",1.1%
東　　　京,関節リウマチ,98,68,"3,707",1.8%
東　　　京,関節症,278,175,"3,707",4.7%
東　　　京,肩こり症,274,113,"3,707",3.0%
東　　　京,腰痛症,579,351,"3,707",9.5%
東　　　京,骨粗しょう症,218,203,"3,707",5.5%
東　　　京,腎臓の病気,139,94,"3,707",2.5%
東　　　京,前立腺肥大症,172,158,"3,707",4.3%
東　　　京,閉経期又は閉経後障害（更年期障害等）,35,2,"3,707",0.1%
東　　　京,骨折,83,59,"3,707",1.6%
東　　　京,骨折以外のけが・やけど,75,22,"3,707",0.6%
東　　　京,貧血・血液の病気,79,39,"3,707",1.1%
東　　　京,悪性新生物（がん）,136,87,"3,707",2.3%
東　　　京,妊娠・産褥（切迫流産、前置胎盤等）,12,-,"3,707",#VALUE!
東　　　京,不妊症,12,-,"3,707",#VALUE!
東　　　京,その他,349,116,"3,707",3.1%
東　　　京,不　明,25,11,"3,707",0.3%
東　　　京,不　　詳,29,21,"3,707",0.6%
神　奈　川,神　奈　川,,,"2,948",0.0%
神　奈　川,通院者数,3393,1937,"2,948",65.7%
神　奈　川,糖尿病,409,297,"2,948",10.1%
神　奈　川,肥満症,37,17,"2,948",0.6%
神　奈　川,脂質異常症（高コレステロール血症等）,542,361,"2,948",12.2%
神　奈　川,甲状腺の病気,128,65,"2,948",2.2%
神　奈　川,うつ病やその他のこころの病気,196,49,"2,948",1.7%
神　奈　川,認知症,49,47,"2,948",1.6%
神　奈　川,パーキンソン病,25,22,"2,948",0.7%
神　奈　川,その他の神経の病気（神経痛・麻痺等）,49,24,"2,948",0.8%
神　奈　川,眼の病気,469,368,"2,948",12.5%
神　奈　川,耳の病気,82,57,"2,948",1.9%
神　奈　川,高血圧症,1099,820,"2,948",27.8%
神　奈　川,脳卒中（脳出血、脳梗塞等）,89,72,"2,948",2.4%
神　奈　川,狭心症・心筋梗塞,153,135,"2,948",4.6%
神　奈　川,その他の循環器系の病気,184,148,"2,948",5.0%
神　奈　川,急性鼻咽頭炎（かぜ）,13,2,"2,948",0.1%
神　奈　川,アレルギー性鼻炎,199,88,"2,948",3.0%
神　奈　川,慢性閉塞性肺疾患（COPD）,14,12,"2,948",0.4%
神　奈　川,喘息,120,50,"2,948",1.7%
神　奈　川,その他の呼吸器系の病気,99,67,"2,948",2.3%
神　奈　川,胃・十二指腸の病気,126,95,"2,948",3.2%
神　奈　川,肝臓・胆のうの病気,61,43,"2,948",1.5%
神　奈　川,その他の消化器系の病気,125,77,"2,948",2.6%
神　奈　川,歯の病気,408,228,"2,948",7.7%
神　奈　川,アトピー性皮膚炎,102,10,"2,948",0.3%
神　奈　川,その他の皮膚の病気,179,91,"2,948",3.1%
神　奈　川,痛風,97,57,"2,948",1.9%
神　奈　川,関節リウマチ,57,42,"2,948",1.4%
神　奈　川,関節症,168,117,"2,948",4.0%
神　奈　川,肩こり症,180,98,"2,948",3.3%
神　奈　川,腰痛症,413,288,"2,948",9.8%
神　奈　川,骨粗しょう症,188,172,"2,948",5.8%
神　奈　川,腎臓の病気,103,73,"2,948",2.5%
神　奈　川,前立腺肥大症,125,117,"2,948",4.0%
神　奈　川,閉経期又は閉経後障害（更年期障害等）,18,2,"2,948",0.1%
神　奈　川,骨折,70,48,"2,948",1.6%
神　奈　川,骨折以外のけが・やけど,43,17,"2,948",0.6%
神　奈　川,貧血・血液の病気,50,24,"2,948",0.8%
神　奈　川,悪性新生物（がん）,117,80,"2,948",2.7%
神　奈　川,妊娠・産褥（切迫流産、前置胎盤等）,4,-,"2,948",#VALUE!
神　奈　川,不妊症,9,-,"2,948",#VALUE!
神　奈　川,その他,193,64,"2,948",2.2%
神　奈　川,不　明,11,4,"2,948",0.1%
神　奈　川,不　　詳,14,8,"2,948",0.3%
新　　　潟,新　　　潟,,,761,0.0%
新　　　潟,通院者数,971,543,761,71.4%
新　　　潟,糖尿病,128,89,761,11.7%
新　　　潟,肥満症,14,8,761,1.1%
新　　　潟,脂質異常症（高コレステロール血症等）,165,104,761,13.7%
新　　　潟,甲状腺の病気,30,13,761,1.7%
新　　　潟,うつ病やその他のこころの病気,53,13,761,1.7%
新　　　潟,認知症,21,21,761,2.8%
新　　　潟,パーキンソン病,5,5,761,0.7%
新　　　潟,その他の神経の病気（神経痛・麻痺等）,15,6,761,0.8%
新　　　潟,眼の病気,130,106,761,13.9%
新　　　潟,耳の病気,27,19,761,2.5%
新　　　潟,高血圧症,338,247,761,32.5%
新　　　潟,脳卒中（脳出血、脳梗塞等）,32,25,761,3.3%
新　　　潟,狭心症・心筋梗塞,36,30,761,3.9%
新　　　潟,その他の循環器系の病気,43,34,761,4.5%
新　　　潟,急性鼻咽頭炎（かぜ）,4,1,761,0.1%
新　　　潟,アレルギー性鼻炎,47,15,761,2.0%
新　　　潟,慢性閉塞性肺疾患（COPD）,3,3,761,0.4%
新　　　潟,喘息,33,13,761,1.7%
新　　　潟,その他の呼吸器系の病気,25,16,761,2.1%
新　　　潟,胃・十二指腸の病気,35,25,761,3.3%
新　　　潟,肝臓・胆のうの病気,17,12,761,1.6%
新　　　潟,その他の消化器系の病気,26,15,761,2.0%
新　　　潟,歯の病気,123,68,761,8.9%
新　　　潟,アトピー性皮膚炎,26,2,761,0.3%
新　　　潟,その他の皮膚の病気,51,25,761,3.3%
新　　　潟,痛風,25,12,761,1.6%
新　　　潟,関節リウマチ,17,12,761,1.6%
新　　　潟,関節症,47,35,761,4.6%
新　　　潟,肩こり症,33,20,761,2.6%
新　　　潟,腰痛症,92,69,761,9.1%
新　　　潟,骨粗しょう症,47,44,761,5.8%
新　　　潟,腎臓の病気,21,15,761,2.0%
新　　　潟,前立腺肥大症,33,30,761,3.9%
新　　　潟,閉経期又は閉経後障害（更年期障害等）,5,1,761,0.1%
新　　　潟,骨折,13,10,761,1.3%
新　　　潟,骨折以外のけが・やけど,9,3,761,0.4%
新　　　潟,貧血・血液の病気,17,9,761,1.2%
新　　　潟,悪性新生物（がん）,23,15,761,2.0%
新　　　潟,妊娠・産褥（切迫流産、前置胎盤等）,3,-,761,#VALUE!
新　　　潟,不妊症,1,-,761,#VALUE!
新　　　潟,その他,59,20,761,2.6%
新　　　潟,不　明,5,2,761,0.3%
新　　　潟,不　　詳,6,3,761,0.4%
富　　　山,富　　　山,,,348,0.0%
富　　　山,通院者数,428,240,348,69.0%
富　　　山,糖尿病,59,44,348,12.6%
富　　　山,肥満症,5,3,348,0.9%
富　　　山,脂質異常症（高コレステロール血症等）,68,44,348,12.6%
富　　　山,甲状腺の病気,14,8,348,2.3%
富　　　山,うつ病やその他のこころの病気,19,4,348,1.1%
富　　　山,認知症,10,10,348,2.9%
富　　　山,パーキンソン病,2,2,348,0.6%
富　　　山,その他の神経の病気（神経痛・麻痺等）,7,3,348,0.9%
富　　　山,眼の病気,50,36,348,10.3%
富　　　山,耳の病気,9,6,348,1.7%
富　　　山,高血圧症,148,109,348,31.3%
富　　　山,脳卒中（脳出血、脳梗塞等）,12,10,348,2.9%
富　　　山,狭心症・心筋梗塞,20,16,348,4.6%
富　　　山,その他の循環器系の病気,17,12,348,3.4%
富　　　山,急性鼻咽頭炎（かぜ）,1,-,348,#VALUE!
富　　　山,アレルギー性鼻炎,17,5,348,1.4%
富　　　山,慢性閉塞性肺疾患（COPD）,1,1,348,0.3%
富　　　山,喘息,10,4,348,1.1%
富　　　山,その他の呼吸器系の病気,9,7,348,2.0%
富　　　山,胃・十二指腸の病気,13,8,348,2.3%
富　　　山,肝臓・胆のうの病気,9,6,348,1.7%
富　　　山,その他の消化器系の病気,12,8,348,2.3%
富　　　山,歯の病気,45,23,348,6.6%
富　　　山,アトピー性皮膚炎,11,1,348,0.3%
富　　　山,その他の皮膚の病気,23,9,348,2.6%
富　　　山,痛風,10,6,348,1.7%
富　　　山,関節リウマチ,9,5,348,1.4%
富　　　山,関節症,23,16,348,4.6%
富　　　山,肩こり症,15,9,348,2.6%
富　　　山,腰痛症,49,34,348,9.8%
富　　　山,骨粗しょう症,22,19,348,5.5%
富　　　山,腎臓の病気,9,5,348,1.4%
富　　　山,前立腺肥大症,14,13,348,3.7%
富　　　山,閉経期又は閉経後障害（更年期障害等）,2,-,348,#VALUE!
富　　　山,骨折,6,5,348,1.4%
富　　　山,骨折以外のけが・やけど,7,3,348,0.9%
富　　　山,貧血・血液の病気,7,4,348,1.1%
富　　　山,悪性新生物（がん）,9,6,348,1.7%
富　　　山,妊娠・産褥（切迫流産、前置胎盤等）,1,-,348,#VALUE!
富　　　山,不妊症,1,-,348,#VALUE!
富　　　山,その他,26,7,348,2.0%
富　　　山,不　明,2,1,348,0.3%
富　　　山,不　　詳,2,2,348,0.6%
石　　　川,石　　　川,,,370,0.0%
石　　　川,通院者数,455,257,370,69.5%
石　　　川,糖尿病,65,48,370,13.0%
石　　　川,肥満症,5,2,370,0.5%
石　　　川,脂質異常症（高コレステロール血症等）,71,47,370,12.7%
石　　　川,甲状腺の病気,17,8,370,2.2%
石　　　川,うつ病やその他のこころの病気,20,6,370,1.6%
石　　　川,認知症,8,8,370,2.2%
石　　　川,パーキンソン病,2,1,370,0.3%
石　　　川,その他の神経の病気（神経痛・麻痺等）,9,5,370,1.4%
石　　　川,眼の病気,54,39,370,10.5%
石　　　川,耳の病気,9,8,370,2.2%
石　　　川,高血圧症,155,114,370,30.8%
石　　　川,脳卒中（脳出血、脳梗塞等）,11,9,370,2.4%
石　　　川,狭心症・心筋梗塞,23,20,370,5.4%
石　　　川,その他の循環器系の病気,21,16,370,4.3%
石　　　川,急性鼻咽頭炎（かぜ）,2,0,370,0.0%
石　　　川,アレルギー性鼻炎,22,7,370,1.9%
石　　　川,慢性閉塞性肺疾患（COPD）,1,1,370,0.3%
石　　　川,喘息,14,6,370,1.6%
石　　　川,その他の呼吸器系の病気,13,9,370,2.4%
石　　　川,胃・十二指腸の病気,16,11,370,3.0%
石　　　川,肝臓・胆のうの病気,9,5,370,1.4%
石　　　川,その他の消化器系の病気,17,10,370,2.7%
石　　　川,歯の病気,44,22,370,5.9%
石　　　川,アトピー性皮膚炎,10,1,370,0.3%
石　　　川,その他の皮膚の病気,20,8,370,2.2%
石　　　川,痛風,11,5,370,1.4%
石　　　川,関節リウマチ,8,6,370,1.6%
石　　　川,関節症,23,16,370,4.3%
石　　　川,肩こり症,19,12,370,3.2%
石　　　川,腰痛症,49,35,370,9.5%
石　　　川,骨粗しょう症,22,20,370,5.4%
石　　　川,腎臓の病気,14,9,370,2.4%
石　　　川,前立腺肥大症,14,13,370,3.5%
石　　　川,閉経期又は閉経後障害（更年期障害等）,4,0,370,0.0%
石　　　川,骨折,6,4,370,1.1%
石　　　川,骨折以外のけが・やけど,7,3,370,0.8%
石　　　川,貧血・血液の病気,6,3,370,0.8%
石　　　川,悪性新生物（がん）,11,8,370,2.2%
石　　　川,妊娠・産褥（切迫流産、前置胎盤等）,1,-,370,#VALUE!
石　　　川,不妊症,1,-,370,#VALUE!
石　　　川,その他,31,9,370,2.4%
石　　　川,不　明,2,1,370,0.3%
石　　　川,不　　詳,3,1,370,0.3%
福　　　井,福　　　井,,,246,0.0%
福　　　井,通院者数,312,169,246,68.7%
福　　　井,糖尿病,43,31,246,12.6%
福　　　井,肥満症,4,2,246,0.8%
福　　　井,脂質異常症（高コレステロール血症等）,46,29,246,11.8%
福　　　井,甲状腺の病気,10,6,246,2.4%
福　　　井,うつ病やその他のこころの病気,14,3,246,1.2%
福　　　井,認知症,6,6,246,2.4%
福　　　井,パーキンソン病,1,1,246,0.4%
福　　　井,その他の神経の病気（神経痛・麻痺等）,5,2,246,0.8%
福　　　井,眼の病気,33,26,246,10.6%
福　　　井,耳の病気,8,5,246,2.0%
福　　　井,高血圧症,101,72,246,29.3%
福　　　井,脳卒中（脳出血、脳梗塞等）,9,7,246,2.8%
福　　　井,狭心症・心筋梗塞,12,10,246,4.1%
福　　　井,その他の循環器系の病気,16,13,246,5.3%
福　　　井,急性鼻咽頭炎（かぜ）,1,0,246,0.0%
福　　　井,アレルギー性鼻炎,18,5,246,2.0%
福　　　井,慢性閉塞性肺疾患（COPD）,1,0,246,0.0%
福　　　井,喘息,7,4,246,1.6%
福　　　井,その他の呼吸器系の病気,7,5,246,2.0%
福　　　井,胃・十二指腸の病気,12,8,246,3.3%
福　　　井,肝臓・胆のうの病気,7,4,246,1.6%
福　　　井,その他の消化器系の病気,9,5,246,2.0%
福　　　井,歯の病気,29,14,246,5.7%
福　　　井,アトピー性皮膚炎,10,1,246,0.4%
福　　　井,その他の皮膚の病気,19,7,246,2.8%
福　　　井,痛風,7,3,246,1.2%
福　　　井,関節リウマチ,6,4,246,1.6%
福　　　井,関節症,15,11,246,4.5%
福　　　井,肩こり症,15,9,246,3.7%
福　　　井,腰痛症,35,26,246,10.6%
福　　　井,骨粗しょう症,14,12,246,4.9%
福　　　井,腎臓の病気,8,5,246,2.0%
福　　　井,前立腺肥大症,8,7,246,2.8%
福　　　井,閉経期又は閉経後障害（更年期障害等）,2,0,246,0.0%
福　　　井,骨折,5,4,246,1.6%
福　　　井,骨折以外のけが・やけど,4,2,246,0.8%
福　　　井,貧血・血液の病気,4,2,246,0.8%
福　　　井,悪性新生物（がん）,7,4,246,1.6%
福　　　井,妊娠・産褥（切迫流産、前置胎盤等）,1,-,246,#VALUE!
福　　　井,不妊症,1,-,246,#VALUE!
福　　　井,その他,22,7,246,2.8%
福　　　井,不　明,1,0,246,0.0%
福　　　井,不　　詳,2,1,246,0.4%
山　　　梨,山　　　梨,,,260,0.0%
山　　　梨,通院者数,327,178,260,68.5%
山　　　梨,糖尿病,44,32,260,12.3%
山　　　梨,肥満症,4,2,260,0.8%
山　　　梨,脂質異常症（高コレステロール血症等）,46,29,260,11.2%
山　　　梨,甲状腺の病気,11,6,260,2.3%
山　　　梨,うつ病やその他のこころの病気,16,4,260,1.5%
山　　　梨,認知症,4,4,260,1.5%
山　　　梨,パーキンソン病,2,2,260,0.8%
山　　　梨,その他の神経の病気（神経痛・麻痺等）,4,3,260,1.2%
山　　　梨,眼の病気,37,29,260,11.2%
山　　　梨,耳の病気,7,5,260,1.9%
山　　　梨,高血圧症,111,80,260,30.8%
山　　　梨,脳卒中（脳出血、脳梗塞等）,8,6,260,2.3%
山　　　梨,狭心症・心筋梗塞,13,11,260,4.2%
山　　　梨,その他の循環器系の病気,13,10,260,3.8%
山　　　梨,急性鼻咽頭炎（かぜ）,1,0,260,0.0%
山　　　梨,アレルギー性鼻炎,19,7,260,2.7%
山　　　梨,慢性閉塞性肺疾患（COPD）,2,1,260,0.4%
山　　　梨,喘息,10,5,260,1.9%
山　　　梨,その他の呼吸器系の病気,7,5,260,1.9%
山　　　梨,胃・十二指腸の病気,9,6,260,2.3%
山　　　梨,肝臓・胆のうの病気,6,5,260,1.9%
山　　　梨,その他の消化器系の病気,10,6,260,2.3%
山　　　梨,歯の病気,41,22,260,8.5%
山　　　梨,アトピー性皮膚炎,8,1,260,0.4%
山　　　梨,その他の皮膚の病気,15,6,260,2.3%
山　　　梨,痛風,11,5,260,1.9%
山　　　梨,関節リウマチ,5,3,260,1.2%
山　　　梨,関節症,17,13,260,5.0%
山　　　梨,肩こり症,17,9,260,3.5%
山　　　梨,腰痛症,35,23,260,8.8%
山　　　梨,骨粗しょう症,17,15,260,5.8%
山　　　梨,腎臓の病気,9,6,260,2.3%
山　　　梨,前立腺肥大症,12,11,260,4.2%
山　　　梨,閉経期又は閉経後障害（更年期障害等）,2,0,260,0.0%
山　　　梨,骨折,6,4,260,1.5%
山　　　梨,骨折以外のけが・やけど,4,1,260,0.4%
山　　　梨,貧血・血液の病気,5,2,260,0.8%
山　　　梨,悪性新生物（がん）,7,5,260,1.9%
山　　　梨,妊娠・産褥（切迫流産、前置胎盤等）,1,-,260,#VALUE!
山　　　梨,不妊症,1,-,260,#VALUE!
山　　　梨,その他,20,5,260,1.9%
山　　　梨,不　明,1,0,260,0.0%
山　　　梨,不　　詳,2,1,260,0.4%
長　　　野,長　　　野,,,687,0.0%
長　　　野,通院者数,861,481,687,70.0%
長　　　野,糖尿病,105,73,687,10.6%
長　　　野,肥満症,12,6,687,0.9%
長　　　野,脂質異常症（高コレステロール血症等）,146,98,687,14.3%
長　　　野,甲状腺の病気,28,15,687,2.2%
長　　　野,うつ病やその他のこころの病気,49,11,687,1.6%
長　　　野,認知症,16,16,687,2.3%
長　　　野,パーキンソン病,3,3,687,0.4%
長　　　野,その他の神経の病気（神経痛・麻痺等）,14,8,687,1.2%
長　　　野,眼の病気,117,93,687,13.5%
長　　　野,耳の病気,23,16,687,2.3%
長　　　野,高血圧症,288,217,687,31.6%
長　　　野,脳卒中（脳出血、脳梗塞等）,23,20,687,2.9%
長　　　野,狭心症・心筋梗塞,36,31,687,4.5%
長　　　野,その他の循環器系の病気,43,34,687,4.9%
長　　　野,急性鼻咽頭炎（かぜ）,3,1,687,0.1%
長　　　野,アレルギー性鼻炎,49,16,687,2.3%
長　　　野,慢性閉塞性肺疾患（COPD）,4,4,687,0.6%
長　　　野,喘息,26,10,687,1.5%
長　　　野,その他の呼吸器系の病気,23,14,687,2.0%
長　　　野,胃・十二指腸の病気,27,20,687,2.9%
長　　　野,肝臓・胆のうの病気,14,8,687,1.2%
長　　　野,その他の消化器系の病気,25,16,687,2.3%
長　　　野,歯の病気,108,52,687,7.6%
長　　　野,アトピー性皮膚炎,22,2,687,0.3%
長　　　野,その他の皮膚の病気,34,18,687,2.6%
長　　　野,痛風,28,14,687,2.0%
長　　　野,関節リウマチ,13,10,687,1.5%
長　　　野,関節症,52,38,687,5.5%
長　　　野,肩こり症,40,24,687,3.5%
長　　　野,腰痛症,108,76,687,11.1%
長　　　野,骨粗しょう症,45,42,687,6.1%
長　　　野,腎臓の病気,23,17,687,2.5%
長　　　野,前立腺肥大症,36,32,687,4.7%
長　　　野,閉経期又は閉経後障害（更年期障害等）,5,0,687,0.0%
長　　　野,骨折,15,10,687,1.5%
長　　　野,骨折以外のけが・やけど,12,4,687,0.6%
長　　　野,貧血・血液の病気,15,8,687,1.2%
長　　　野,悪性新生物（がん）,18,12,687,1.7%
長　　　野,妊娠・産褥（切迫流産、前置胎盤等）,2,-,687,#VALUE!
長　　　野,不妊症,2,-,687,#VALUE!
長　　　野,その他,57,16,687,2.3%
長　　　野,不　明,3,1,687,0.1%
長　　　野,不　　詳,5,4,687,0.6%
岐　　　阜,岐　　　阜,,,664,0.0%
岐　　　阜,通院者数,842,479,664,72.1%
岐　　　阜,糖尿病,119,87,664,13.1%
岐　　　阜,肥満症,11,7,664,1.1%
岐　　　阜,脂質異常症（高コレステロール血症等）,134,91,664,13.7%
岐　　　阜,甲状腺の病気,22,11,664,1.7%
岐　　　阜,うつ病やその他のこころの病気,35,8,664,1.2%
岐　　　阜,認知症,16,16,664,2.4%
岐　　　阜,パーキンソン病,5,4,664,0.6%
岐　　　阜,その他の神経の病気（神経痛・麻痺等）,12,8,664,1.2%
岐　　　阜,眼の病気,121,95,664,14.3%
岐　　　阜,耳の病気,19,15,664,2.3%
岐　　　阜,高血圧症,284,212,664,31.9%
岐　　　阜,脳卒中（脳出血、脳梗塞等）,17,13,664,2.0%
岐　　　阜,狭心症・心筋梗塞,41,33,664,5.0%
岐　　　阜,その他の循環器系の病気,41,30,664,4.5%
岐　　　阜,急性鼻咽頭炎（かぜ）,2,1,664,0.2%
岐　　　阜,アレルギー性鼻炎,55,21,664,3.2%
岐　　　阜,慢性閉塞性肺疾患（COPD）,3,3,664,0.5%
岐　　　阜,喘息,18,8,664,1.2%
岐　　　阜,その他の呼吸器系の病気,22,14,664,2.1%
岐　　　阜,胃・十二指腸の病気,23,15,664,2.3%
岐　　　阜,肝臓・胆のうの病気,16,11,664,1.7%
岐　　　阜,その他の消化器系の病気,25,16,664,2.4%
岐　　　阜,歯の病気,116,56,664,8.4%
岐　　　阜,アトピー性皮膚炎,21,4,664,0.6%
岐　　　阜,その他の皮膚の病気,36,18,664,2.7%
岐　　　阜,痛風,21,11,664,1.7%
岐　　　阜,関節リウマチ,17,13,664,2.0%
岐　　　阜,関節症,42,33,664,5.0%
岐　　　阜,肩こり症,55,30,664,4.5%
岐　　　阜,腰痛症,102,69,664,10.4%
岐　　　阜,骨粗しょう症,37,33,664,5.0%
岐　　　阜,腎臓の病気,23,17,664,2.6%
岐　　　阜,前立腺肥大症,28,26,664,3.9%
岐　　　阜,閉経期又は閉経後障害（更年期障害等）,3,0,664,0.0%
岐　　　阜,骨折,14,9,664,1.4%
岐　　　阜,骨折以外のけが・やけど,11,4,664,0.6%
岐　　　阜,貧血・血液の病気,14,8,664,1.2%
岐　　　阜,悪性新生物（がん）,20,14,664,2.1%
岐　　　阜,妊娠・産褥（切迫流産、前置胎盤等）,2,-,664,#VALUE!
岐　　　阜,不妊症,2,-,664,#VALUE!
岐　　　阜,その他,54,18,664,2.7%
岐　　　阜,不　明,3,0,664,0.0%
岐　　　阜,不　　詳,4,2,664,0.3%
静　　　岡,静　　　岡,,,"1,107",0.0%
静　　　岡,通院者数,1511,791,"1,107",71.5%
静　　　岡,糖尿病,195,130,"1,107",11.7%
静　　　岡,肥満症,22,11,"1,107",1.0%
静　　　岡,脂質異常症（高コレステロール血症等）,258,162,"1,107",14.6%
静　　　岡,甲状腺の病気,53,27,"1,107",2.4%
静　　　岡,うつ病やその他のこころの病気,71,16,"1,107",1.4%
静　　　岡,認知症,25,25,"1,107",2.3%
静　　　岡,パーキンソン病,10,9,"1,107",0.8%
静　　　岡,その他の神経の病気（神経痛・麻痺等）,21,10,"1,107",0.9%
静　　　岡,眼の病気,215,160,"1,107",14.5%
静　　　岡,耳の病気,30,20,"1,107",1.8%
静　　　岡,高血圧症,497,355,"1,107",32.1%
静　　　岡,脳卒中（脳出血、脳梗塞等）,39,31,"1,107",2.8%
静　　　岡,狭心症・心筋梗塞,52,41,"1,107",3.7%
静　　　岡,その他の循環器系の病気,73,55,"1,107",5.0%
静　　　岡,急性鼻咽頭炎（かぜ）,4,2,"1,107",0.2%
静　　　岡,アレルギー性鼻炎,101,34,"1,107",3.1%
静　　　岡,慢性閉塞性肺疾患（COPD）,6,5,"1,107",0.5%
静　　　岡,喘息,50,18,"1,107",1.6%
静　　　岡,その他の呼吸器系の病気,38,24,"1,107",2.2%
静　　　岡,胃・十二指腸の病気,50,31,"1,107",2.8%
静　　　岡,肝臓・胆のうの病気,23,14,"1,107",1.3%
静　　　岡,その他の消化器系の病気,42,24,"1,107",2.2%
静　　　岡,歯の病気,186,93,"1,107",8.4%
静　　　岡,アトピー性皮膚炎,37,4,"1,107",0.4%
静　　　岡,その他の皮膚の病気,66,29,"1,107",2.6%
静　　　岡,痛風,47,23,"1,107",2.1%
静　　　岡,関節リウマチ,26,17,"1,107",1.5%
静　　　岡,関節症,69,46,"1,107",4.2%
静　　　岡,肩こり症,80,37,"1,107",3.3%
静　　　岡,腰痛症,166,104,"1,107",9.4%
静　　　岡,骨粗しょう症,77,71,"1,107",6.4%
静　　　岡,腎臓の病気,43,29,"1,107",2.6%
静　　　岡,前立腺肥大症,48,43,"1,107",3.9%
静　　　岡,閉経期又は閉経後障害（更年期障害等）,8,1,"1,107",0.1%
静　　　岡,骨折,21,14,"1,107",1.3%
静　　　岡,骨折以外のけが・やけど,21,7,"1,107",0.6%
静　　　岡,貧血・血液の病気,21,10,"1,107",0.9%
静　　　岡,悪性新生物（がん）,41,30,"1,107",2.7%
静　　　岡,妊娠・産褥（切迫流産、前置胎盤等）,3,-,"1,107",#VALUE!
静　　　岡,不妊症,3,-,"1,107",#VALUE!
静　　　岡,その他,95,24,"1,107",2.2%
静　　　岡,不　明,3,1,"1,107",0.1%
静　　　岡,不　　詳,8,5,"1,107",0.5%
愛　　　知,愛　　　知,,,"2,233",0.0%
愛　　　知,通院者数,2802,1508,"2,233",67.5%
愛　　　知,糖尿病,374,254,"2,233",11.4%
愛　　　知,肥満症,38,25,"2,233",1.1%
愛　　　知,脂質異常症（高コレステロール血症等）,453,301,"2,233",13.5%
愛　　　知,甲状腺の病気,93,48,"2,233",2.1%
愛　　　知,うつ病やその他のこころの病気,149,31,"2,233",1.4%
愛　　　知,認知症,42,42,"2,233",1.9%
愛　　　知,パーキンソン病,16,15,"2,233",0.7%
愛　　　知,その他の神経の病気（神経痛・麻痺等）,45,18,"2,233",0.8%
愛　　　知,眼の病気,434,322,"2,233",14.4%
愛　　　知,耳の病気,85,58,"2,233",2.6%
愛　　　知,高血圧症,925,664,"2,233",29.7%
愛　　　知,脳卒中（脳出血、脳梗塞等）,69,56,"2,233",2.5%
愛　　　知,狭心症・心筋梗塞,120,101,"2,233",4.5%
愛　　　知,その他の循環器系の病気,122,96,"2,233",4.3%
愛　　　知,急性鼻咽頭炎（かぜ）,11,4,"2,233",0.2%
愛　　　知,アレルギー性鼻炎,188,72,"2,233",3.2%
愛　　　知,慢性閉塞性肺疾患（COPD）,11,9,"2,233",0.4%
愛　　　知,喘息,79,24,"2,233",1.1%
愛　　　知,その他の呼吸器系の病気,77,59,"2,233",2.6%
愛　　　知,胃・十二指腸の病気,77,48,"2,233",2.1%
愛　　　知,肝臓・胆のうの病気,50,29,"2,233",1.3%
愛　　　知,その他の消化器系の病気,101,56,"2,233",2.5%
愛　　　知,歯の病気,386,230,"2,233",10.3%
愛　　　知,アトピー性皮膚炎,86,11,"2,233",0.5%
愛　　　知,その他の皮膚の病気,155,69,"2,233",3.1%
愛　　　知,痛風,70,37,"2,233",1.7%
愛　　　知,関節リウマチ,49,33,"2,233",1.5%
愛　　　知,関節症,132,93,"2,233",4.2%
愛　　　知,肩こり症,137,71,"2,233",3.2%
愛　　　知,腰痛症,302,197,"2,233",8.8%
愛　　　知,骨粗しょう症,129,116,"2,233",5.2%
愛　　　知,腎臓の病気,68,48,"2,233",2.1%
愛　　　知,前立腺肥大症,87,80,"2,233",3.6%
愛　　　知,閉経期又は閉経後障害（更年期障害等）,20,1,"2,233",0.0%
愛　　　知,骨折,50,35,"2,233",1.6%
愛　　　知,骨折以外のけが・やけど,39,15,"2,233",0.7%
愛　　　知,貧血・血液の病気,41,24,"2,233",1.1%
愛　　　知,悪性新生物（がん）,71,47,"2,233",2.1%
愛　　　知,妊娠・産褥（切迫流産、前置胎盤等）,5,-,"2,233",#VALUE!
愛　　　知,不妊症,6,-,"2,233",#VALUE!
愛　　　知,その他,191,55,"2,233",2.5%
愛　　　知,不　明,7,3,"2,233",0.1%
愛　　　知,不　　詳,15,9,"2,233",0.4%
三　　　重,三　　　重,,,571,0.0%
三　　　重,通院者数,744,410,571,71.8%
三　　　重,糖尿病,101,72,571,12.6%
三　　　重,肥満症,9,5,571,0.9%
三　　　重,脂質異常症（高コレステロール血症等）,118,77,571,13.5%
三　　　重,甲状腺の病気,23,14,571,2.5%
三　　　重,うつ病やその他のこころの病気,38,6,571,1.1%
三　　　重,認知症,16,15,571,2.6%
三　　　重,パーキンソン病,3,2,571,0.4%
三　　　重,その他の神経の病気（神経痛・麻痺等）,9,5,571,0.9%
三　　　重,眼の病気,111,84,571,14.7%
三　　　重,耳の病気,22,15,571,2.6%
三　　　重,高血圧症,256,186,571,32.6%
三　　　重,脳卒中（脳出血、脳梗塞等）,17,13,571,2.3%
三　　　重,狭心症・心筋梗塞,34,28,571,4.9%
三　　　重,その他の循環器系の病気,34,26,571,4.6%
三　　　重,急性鼻咽頭炎（かぜ）,2,1,571,0.2%
三　　　重,アレルギー性鼻炎,47,20,571,3.5%
三　　　重,慢性閉塞性肺疾患（COPD）,3,3,571,0.5%
三　　　重,喘息,18,7,571,1.2%
三　　　重,その他の呼吸器系の病気,23,18,571,3.2%
三　　　重,胃・十二指腸の病気,23,16,571,2.8%
三　　　重,肝臓・胆のうの病気,13,8,571,1.4%
三　　　重,その他の消化器系の病気,23,15,571,2.6%
三　　　重,歯の病気,98,55,571,9.6%
三　　　重,アトピー性皮膚炎,20,2,571,0.4%
三　　　重,その他の皮膚の病気,37,15,571,2.6%
三　　　重,痛風,23,13,571,2.3%
三　　　重,関節リウマチ,15,10,571,1.8%
三　　　重,関節症,40,27,571,4.7%
三　　　重,肩こり症,38,20,571,3.5%
三　　　重,腰痛症,85,58,571,10.2%
三　　　重,骨粗しょう症,34,32,571,5.6%
三　　　重,腎臓の病気,22,17,571,3.0%
三　　　重,前立腺肥大症,25,24,571,4.2%
三　　　重,閉経期又は閉経後障害（更年期障害等）,4,0,571,0.0%
三　　　重,骨折,15,8,571,1.4%
三　　　重,骨折以外のけが・やけど,11,4,571,0.7%
三　　　重,貧血・血液の病気,12,5,571,0.9%
三　　　重,悪性新生物（がん）,18,11,571,1.9%
三　　　重,妊娠・産褥（切迫流産、前置胎盤等）,1,-,571,#VALUE!
三　　　重,不妊症,3,-,571,#VALUE!
三　　　重,その他,44,15,571,2.6%
三　　　重,不　明,1,1,571,0.2%
三　　　重,不　　詳,4,2,571,0.4%
滋　　　賀,滋　　　賀,,,443,0.0%
滋　　　賀,通院者数,592,311,443,70.2%
滋　　　賀,糖尿病,78,54,443,12.2%
滋　　　賀,肥満症,7,3,443,0.7%
滋　　　賀,脂質異常症（高コレステロール血症等）,95,57,443,12.9%
滋　　　賀,甲状腺の病気,21,12,443,2.7%
滋　　　賀,うつ病やその他のこころの病気,34,6,443,1.4%
滋　　　賀,認知症,11,11,443,2.5%
滋　　　賀,パーキンソン病,5,5,443,1.1%
滋　　　賀,その他の神経の病気（神経痛・麻痺等）,13,7,443,1.6%
滋　　　賀,眼の病気,71,51,443,11.5%
滋　　　賀,耳の病気,13,9,443,2.0%
滋　　　賀,高血圧症,201,139,443,31.4%
滋　　　賀,脳卒中（脳出血、脳梗塞等）,12,10,443,2.3%
滋　　　賀,狭心症・心筋梗塞,29,24,443,5.4%
滋　　　賀,その他の循環器系の病気,30,25,443,5.6%
滋　　　賀,急性鼻咽頭炎（かぜ）,3,1,443,0.2%
滋　　　賀,アレルギー性鼻炎,32,10,443,2.3%
滋　　　賀,慢性閉塞性肺疾患（COPD）,2,2,443,0.5%
滋　　　賀,喘息,16,6,443,1.4%
滋　　　賀,その他の呼吸器系の病気,15,10,443,2.3%
滋　　　賀,胃・十二指腸の病気,18,12,443,2.7%
滋　　　賀,肝臓・胆のうの病気,13,8,443,1.8%
滋　　　賀,その他の消化器系の病気,21,13,443,2.9%
滋　　　賀,歯の病気,73,38,443,8.6%
滋　　　賀,アトピー性皮膚炎,20,1,443,0.2%
滋　　　賀,その他の皮膚の病気,28,11,443,2.5%
滋　　　賀,痛風,15,9,443,2.0%
滋　　　賀,関節リウマチ,11,7,443,1.6%
滋　　　賀,関節症,28,19,443,4.3%
滋　　　賀,肩こり症,26,14,443,3.2%
滋　　　賀,腰痛症,65,42,443,9.5%
滋　　　賀,骨粗しょう症,25,21,443,4.7%
滋　　　賀,腎臓の病気,15,10,443,2.3%
滋　　　賀,前立腺肥大症,21,20,443,4.5%
滋　　　賀,閉経期又は閉経後障害（更年期障害等）,3,0,443,0.0%
滋　　　賀,骨折,7,4,443,0.9%
滋　　　賀,骨折以外のけが・やけど,9,3,443,0.7%
滋　　　賀,貧血・血液の病気,9,6,443,1.4%
滋　　　賀,悪性新生物（がん）,15,9,443,2.0%
滋　　　賀,妊娠・産褥（切迫流産、前置胎盤等）,2,-,443,#VALUE!
滋　　　賀,不妊症,1,-,443,#VALUE!
滋　　　賀,その他,37,11,443,2.5%
滋　　　賀,不　明,3,0,443,0.0%
滋　　　賀,不　　詳,6,4,443,0.9%
京　　　都,京　　　都,,,850,0.0%
京　　　都,通院者数,1074,590,850,69.4%
京　　　都,糖尿病,127,97,850,11.4%
京　　　都,肥満症,12,6,850,0.7%
京　　　都,脂質異常症（高コレステロール血症等）,160,106,850,12.5%
京　　　都,甲状腺の病気,46,28,850,3.3%
京　　　都,うつ病やその他のこころの病気,63,10,850,1.2%
京　　　都,認知症,17,17,850,2.0%
京　　　都,パーキンソン病,8,7,850,0.8%
京　　　都,その他の神経の病気（神経痛・麻痺等）,18,10,850,1.2%
京　　　都,眼の病気,131,101,850,11.9%
京　　　都,耳の病気,35,25,850,2.9%
京　　　都,高血圧症,334,249,850,29.3%
京　　　都,脳卒中（脳出血、脳梗塞等）,29,23,850,2.7%
京　　　都,狭心症・心筋梗塞,42,38,850,4.5%
京　　　都,その他の循環器系の病気,51,37,850,4.4%
京　　　都,急性鼻咽頭炎（かぜ）,2,1,850,0.1%
京　　　都,アレルギー性鼻炎,66,23,850,2.7%
京　　　都,慢性閉塞性肺疾患（COPD）,5,5,850,0.6%
京　　　都,喘息,44,16,850,1.9%
京　　　都,その他の呼吸器系の病気,33,26,850,3.1%
京　　　都,胃・十二指腸の病気,30,21,850,2.5%
京　　　都,肝臓・胆のうの病気,20,12,850,1.4%
京　　　都,その他の消化器系の病気,44,32,850,3.8%
京　　　都,歯の病気,138,79,850,9.3%
京　　　都,アトピー性皮膚炎,34,3,850,0.4%
京　　　都,その他の皮膚の病気,55,28,850,3.3%
京　　　都,痛風,23,13,850,1.5%
京　　　都,関節リウマチ,19,14,850,1.6%
京　　　都,関節症,61,42,850,4.9%
京　　　都,肩こり症,79,38,850,4.5%
京　　　都,腰痛症,137,91,850,10.7%
京　　　都,骨粗しょう症,55,51,850,6.0%
京　　　都,腎臓の病気,32,23,850,2.7%
京　　　都,前立腺肥大症,35,33,850,3.9%
京　　　都,閉経期又は閉経後障害（更年期障害等）,8,-,850,#VALUE!
京　　　都,骨折,17,12,850,1.4%
京　　　都,骨折以外のけが・やけど,16,5,850,0.6%
京　　　都,貧血・血液の病気,18,8,850,0.9%
京　　　都,悪性新生物（がん）,29,20,850,2.4%
京　　　都,妊娠・産褥（切迫流産、前置胎盤等）,1,-,850,#VALUE!
京　　　都,不妊症,5,-,850,#VALUE!
京　　　都,その他,76,20,850,2.4%
京　　　都,不　明,2,1,850,0.1%
京　　　都,不　　詳,9,7,850,0.8%
大　　　阪,大　　　阪,,,"2,849",0.0%
大　　　阪,通院者数,3443,2010,"2,849",70.6%
大　　　阪,糖尿病,440,338,"2,849",11.9%
大　　　阪,肥満症,52,33,"2,849",1.2%
大　　　阪,脂質異常症（高コレステロール血症等）,512,357,"2,849",12.5%
大　　　阪,甲状腺の病気,123,71,"2,849",2.5%
大　　　阪,うつ病やその他のこころの病気,175,47,"2,849",1.6%
大　　　阪,認知症,44,43,"2,849",1.5%
大　　　阪,パーキンソン病,17,15,"2,849",0.5%
大　　　阪,その他の神経の病気（神経痛・麻痺等）,69,42,"2,849",1.5%
大　　　阪,眼の病気,521,402,"2,849",14.1%
大　　　阪,耳の病気,110,86,"2,849",3.0%
大　　　阪,高血圧症,1115,862,"2,849",30.3%
大　　　阪,脳卒中（脳出血、脳梗塞等）,82,64,"2,849",2.2%
大　　　阪,狭心症・心筋梗塞,155,129,"2,849",4.5%
大　　　阪,その他の循環器系の病気,166,126,"2,849",4.4%
大　　　阪,急性鼻咽頭炎（かぜ）,8,3,"2,849",0.1%
大　　　阪,アレルギー性鼻炎,205,96,"2,849",3.4%
大　　　阪,慢性閉塞性肺疾患（COPD）,18,15,"2,849",0.5%
大　　　阪,喘息,97,45,"2,849",1.6%
大　　　阪,その他の呼吸器系の病気,110,76,"2,849",2.7%
大　　　阪,胃・十二指腸の病気,122,93,"2,849",3.3%
大　　　阪,肝臓・胆のうの病気,75,49,"2,849",1.7%
大　　　阪,その他の消化器系の病気,136,81,"2,849",2.8%
大　　　阪,歯の病気,497,278,"2,849",9.8%
大　　　阪,アトピー性皮膚炎,84,12,"2,849",0.4%
大　　　阪,その他の皮膚の病気,167,88,"2,849",3.1%
大　　　阪,痛風,76,41,"2,849",1.4%
大　　　阪,関節リウマチ,68,49,"2,849",1.7%
大　　　阪,関節症,202,147,"2,849",5.2%
大　　　阪,肩こり症,287,172,"2,849",6.0%
大　　　阪,腰痛症,482,331,"2,849",11.6%
大　　　阪,骨粗しょう症,195,180,"2,849",6.3%
大　　　阪,腎臓の病気,106,72,"2,849",2.5%
大　　　阪,前立腺肥大症,125,118,"2,849",4.1%
大　　　阪,閉経期又は閉経後障害（更年期障害等）,22,1,"2,849",0.0%
大　　　阪,骨折,67,49,"2,849",1.7%
大　　　阪,骨折以外のけが・やけど,48,16,"2,849",0.6%
大　　　阪,貧血・血液の病気,61,33,"2,849",1.2%
大　　　阪,悪性新生物（がん）,100,62,"2,849",2.2%
大　　　阪,妊娠・産褥（切迫流産、前置胎盤等）,2,-,"2,849",#VALUE!
大　　　阪,不妊症,5,-,"2,849",#VALUE!
大　　　阪,その他,211,81,"2,849",2.8%
大　　　阪,不　明,6,3,"2,849",0.1%
大　　　阪,不　　詳,24,17,"2,849",0.6%
兵　　　庫,兵　　　庫,,,"1,869",0.0%
兵　　　庫,通院者数,2383,1336,"1,869",71.5%
兵　　　庫,糖尿病,322,228,"1,869",12.2%
兵　　　庫,肥満症,28,15,"1,869",0.8%
兵　　　庫,脂質異常症（高コレステロール血症等）,386,264,"1,869",14.1%
兵　　　庫,甲状腺の病気,101,55,"1,869",2.9%
兵　　　庫,うつ病やその他のこころの病気,109,22,"1,869",1.2%
兵　　　庫,認知症,44,43,"1,869",2.3%
兵　　　庫,パーキンソン病,12,12,"1,869",0.6%
兵　　　庫,その他の神経の病気（神経痛・麻痺等）,40,21,"1,869",1.1%
兵　　　庫,眼の病気,350,271,"1,869",14.5%
兵　　　庫,耳の病気,56,41,"1,869",2.2%
兵　　　庫,高血圧症,763,560,"1,869",30.0%
兵　　　庫,脳卒中（脳出血、脳梗塞等）,69,57,"1,869",3.0%
兵　　　庫,狭心症・心筋梗塞,107,92,"1,869",4.9%
兵　　　庫,その他の循環器系の病気,134,106,"1,869",5.7%
兵　　　庫,急性鼻咽頭炎（かぜ）,10,4,"1,869",0.2%
兵　　　庫,アレルギー性鼻炎,123,52,"1,869",2.8%
兵　　　庫,慢性閉塞性肺疾患（COPD）,9,8,"1,869",0.4%
兵　　　庫,喘息,95,42,"1,869",2.2%
兵　　　庫,その他の呼吸器系の病気,66,48,"1,869",2.6%
兵　　　庫,胃・十二指腸の病気,78,55,"1,869",2.9%
兵　　　庫,肝臓・胆のうの病気,47,26,"1,869",1.4%
兵　　　庫,その他の消化器系の病気,78,51,"1,869",2.7%
兵　　　庫,歯の病気,284,159,"1,869",8.5%
兵　　　庫,アトピー性皮膚炎,70,8,"1,869",0.4%
兵　　　庫,その他の皮膚の病気,122,60,"1,869",3.2%
兵　　　庫,痛風,60,35,"1,869",1.9%
兵　　　庫,関節リウマチ,54,36,"1,869",1.9%
兵　　　庫,関節症,128,87,"1,869",4.7%
兵　　　庫,肩こり症,149,91,"1,869",4.9%
兵　　　庫,腰痛症,270,192,"1,869",10.3%
兵　　　庫,骨粗しょう症,95,88,"1,869",4.7%
兵　　　庫,腎臓の病気,71,54,"1,869",2.9%
兵　　　庫,前立腺肥大症,100,90,"1,869",4.8%
兵　　　庫,閉経期又は閉経後障害（更年期障害等）,17,2,"1,869",0.1%
兵　　　庫,骨折,47,35,"1,869",1.9%
兵　　　庫,骨折以外のけが・やけど,35,13,"1,869",0.7%
兵　　　庫,貧血・血液の病気,31,17,"1,869",0.9%
兵　　　庫,悪性新生物（がん）,65,44,"1,869",2.4%
兵　　　庫,妊娠・産褥（切迫流産、前置胎盤等）,5,-,"1,869",#VALUE!
兵　　　庫,不妊症,6,-,"1,869",#VALUE!
兵　　　庫,その他,140,40,"1,869",2.1%
兵　　　庫,不　明,8,3,"1,869",0.2%
兵　　　庫,不　　詳,10,6,"1,869",0.3%
奈　　　良,奈　　　良,,,428,0.0%
奈　　　良,通院者数,572,307,428,71.7%
奈　　　良,糖尿病,67,50,428,11.7%
奈　　　良,肥満症,8,4,428,0.9%
奈　　　良,脂質異常症（高コレステロール血症等）,91,58,428,13.6%
奈　　　良,甲状腺の病気,21,11,428,2.6%
奈　　　良,うつ病やその他のこころの病気,29,7,428,1.6%
奈　　　良,認知症,6,6,428,1.4%
奈　　　良,パーキンソン病,5,4,428,0.9%
奈　　　良,その他の神経の病気（神経痛・麻痺等）,10,6,428,1.4%
奈　　　良,眼の病気,72,53,428,12.4%
奈　　　良,耳の病気,14,8,428,1.9%
奈　　　良,高血圧症,180,129,428,30.1%
奈　　　良,脳卒中（脳出血、脳梗塞等）,13,10,428,2.3%
奈　　　良,狭心症・心筋梗塞,25,21,428,4.9%
奈　　　良,その他の循環器系の病気,28,21,428,4.9%
奈　　　良,急性鼻咽頭炎（かぜ）,1,-,428,#VALUE!
奈　　　良,アレルギー性鼻炎,38,14,428,3.3%
奈　　　良,慢性閉塞性肺疾患（COPD）,2,2,428,0.5%
奈　　　良,喘息,16,6,428,1.4%
奈　　　良,その他の呼吸器系の病気,18,12,428,2.8%
奈　　　良,胃・十二指腸の病気,21,13,428,3.0%
奈　　　良,肝臓・胆のうの病気,12,8,428,1.9%
奈　　　良,その他の消化器系の病気,19,12,428,2.8%
奈　　　良,歯の病気,84,47,428,11.0%
奈　　　良,アトピー性皮膚炎,18,3,428,0.7%
奈　　　良,その他の皮膚の病気,28,15,428,3.5%
奈　　　良,痛風,15,10,428,2.3%
奈　　　良,関節リウマチ,11,8,428,1.9%
奈　　　良,関節症,36,24,428,5.6%
奈　　　良,肩こり症,37,21,428,4.9%
奈　　　良,腰痛症,67,44,428,10.3%
奈　　　良,骨粗しょう症,23,22,428,5.1%
奈　　　良,腎臓の病気,15,11,428,2.6%
奈　　　良,前立腺肥大症,19,18,428,4.2%
奈　　　良,閉経期又は閉経後障害（更年期障害等）,4,1,428,0.2%
奈　　　良,骨折,11,8,428,1.9%
奈　　　良,骨折以外のけが・やけど,7,3,428,0.7%
奈　　　良,貧血・血液の病気,8,4,428,0.9%
奈　　　良,悪性新生物（がん）,15,9,428,2.1%
奈　　　良,妊娠・産褥（切迫流産、前置胎盤等）,2,-,428,#VALUE!
奈　　　良,不妊症,1,-,428,#VALUE!
奈　　　良,その他,40,14,428,3.3%
奈　　　良,不　明,2,0,428,0.0%
奈　　　良,不　　詳,3,2,428,0.5%
和　歌　山,和　歌　山,,,325,0.0%
和　歌　山,通院者数,408,229,325,70.5%
和　歌　山,糖尿病,57,40,325,12.3%
和　歌　山,肥満症,6,3,325,0.9%
和　歌　山,脂質異常症（高コレステロール血症等）,62,39,325,12.0%
和　歌　山,甲状腺の病気,13,7,325,2.2%
和　歌　山,うつ病やその他のこころの病気,20,5,325,1.5%
和　歌　山,認知症,7,7,325,2.2%
和　歌　山,パーキンソン病,3,2,325,0.6%
和　歌　山,その他の神経の病気（神経痛・麻痺等）,9,4,325,1.2%
和　歌　山,眼の病気,53,41,325,12.6%
和　歌　山,耳の病気,11,9,325,2.8%
和　歌　山,高血圧症,145,108,325,33.2%
和　歌　山,脳卒中（脳出血、脳梗塞等）,8,7,325,2.2%
和　歌　山,狭心症・心筋梗塞,19,16,325,4.9%
和　歌　山,その他の循環器系の病気,17,14,325,4.3%
和　歌　山,急性鼻咽頭炎（かぜ）,2,1,325,0.3%
和　歌　山,アレルギー性鼻炎,24,9,325,2.8%
和　歌　山,慢性閉塞性肺疾患（COPD）,1,1,325,0.3%
和　歌　山,喘息,10,5,325,1.5%
和　歌　山,その他の呼吸器系の病気,9,6,325,1.8%
和　歌　山,胃・十二指腸の病気,17,12,325,3.7%
和　歌　山,肝臓・胆のうの病気,9,6,325,1.8%
和　歌　山,その他の消化器系の病気,16,10,325,3.1%
和　歌　山,歯の病気,47,25,325,7.7%
和　歌　山,アトピー性皮膚炎,9,2,325,0.6%
和　歌　山,その他の皮膚の病気,17,9,325,2.8%
和　歌　山,痛風,11,6,325,1.8%
和　歌　山,関節リウマチ,9,5,325,1.5%
和　歌　山,関節症,23,17,325,5.2%
和　歌　山,肩こり症,31,18,325,5.5%
和　歌　山,腰痛症,52,36,325,11.1%
和　歌　山,骨粗しょう症,17,16,325,4.9%
和　歌　山,腎臓の病気,12,9,325,2.8%
和　歌　山,前立腺肥大症,14,12,325,3.7%
和　歌　山,閉経期又は閉経後障害（更年期障害等）,2,0,325,0.0%
和　歌　山,骨折,7,5,325,1.5%
和　歌　山,骨折以外のけが・やけど,6,2,325,0.6%
和　歌　山,貧血・血液の病気,5,3,325,0.9%
和　歌　山,悪性新生物（がん）,9,6,325,1.8%
和　歌　山,妊娠・産褥（切迫流産、前置胎盤等）,1,-,325,#VALUE!
和　歌　山,不妊症,1,-,325,#VALUE!
和　歌　山,その他,26,7,325,2.2%
和　歌　山,不　明,1,0,325,0.0%
和　歌　山,不　　詳,3,2,325,0.6%
鳥　　　取,鳥　　　取,,,188,0.0%
鳥　　　取,通院者数,230,130,188,69.1%
鳥　　　取,糖尿病,28,20,188,10.6%
鳥　　　取,肥満症,3,1,188,0.5%
鳥　　　取,脂質異常症（高コレステロール血症等）,35,24,188,12.8%
鳥　　　取,甲状腺の病気,7,4,188,2.1%
鳥　　　取,うつ病やその他のこころの病気,12,3,188,1.6%
鳥　　　取,認知症,5,5,188,2.7%
鳥　　　取,パーキンソン病,1,1,188,0.5%
鳥　　　取,その他の神経の病気（神経痛・麻痺等）,4,2,188,1.1%
鳥　　　取,眼の病気,25,18,188,9.6%
鳥　　　取,耳の病気,5,4,188,2.1%
鳥　　　取,高血圧症,76,59,188,31.4%
鳥　　　取,脳卒中（脳出血、脳梗塞等）,7,6,188,3.2%
鳥　　　取,狭心症・心筋梗塞,10,8,188,4.3%
鳥　　　取,その他の循環器系の病気,12,9,188,4.8%
鳥　　　取,急性鼻咽頭炎（かぜ）,1,0,188,0.0%
鳥　　　取,アレルギー性鼻炎,11,3,188,1.6%
鳥　　　取,慢性閉塞性肺疾患（COPD）,1,1,188,0.5%
鳥　　　取,喘息,9,3,188,1.6%
鳥　　　取,その他の呼吸器系の病気,6,4,188,2.1%
鳥　　　取,胃・十二指腸の病気,7,5,188,2.7%
鳥　　　取,肝臓・胆のうの病気,5,3,188,1.6%
鳥　　　取,その他の消化器系の病気,7,4,188,2.1%
鳥　　　取,歯の病気,24,12,188,6.4%
鳥　　　取,アトピー性皮膚炎,4,1,188,0.5%
鳥　　　取,その他の皮膚の病気,9,4,188,2.1%
鳥　　　取,痛風,5,2,188,1.1%
鳥　　　取,関節リウマチ,4,3,188,1.6%
鳥　　　取,関節症,10,7,188,3.7%
鳥　　　取,肩こり症,13,8,188,4.3%
鳥　　　取,腰痛症,26,19,188,10.1%
鳥　　　取,骨粗しょう症,12,11,188,5.9%
鳥　　　取,腎臓の病気,5,4,188,2.1%
鳥　　　取,前立腺肥大症,5,5,188,2.7%
鳥　　　取,閉経期又は閉経後障害（更年期障害等）,2,0,188,0.0%
鳥　　　取,骨折,4,3,188,1.6%
鳥　　　取,骨折以外のけが・やけど,2,1,188,0.5%
鳥　　　取,貧血・血液の病気,3,2,188,1.1%
鳥　　　取,悪性新生物（がん）,6,4,188,2.1%
鳥　　　取,妊娠・産褥（切迫流産、前置胎盤等）,1,-,188,#VALUE!
鳥　　　取,不妊症,0,-,188,#VALUE!
鳥　　　取,その他,19,5,188,2.7%
鳥　　　取,不　明,1,1,188,0.5%
鳥　　　取,不　　詳,2,1,188,0.5%
島　　　根,島　　　根,,,235,0.0%
島　　　根,通院者数,284,166,235,70.6%
島　　　根,糖尿病,39,28,235,11.9%
島　　　根,肥満症,3,2,235,0.9%
島　　　根,脂質異常症（高コレステロール血症等）,48,33,235,14.0%
島　　　根,甲状腺の病気,10,6,235,2.6%
島　　　根,うつ病やその他のこころの病気,15,4,235,1.7%
島　　　根,認知症,6,6,235,2.6%
島　　　根,パーキンソン病,1,1,235,0.4%
島　　　根,その他の神経の病気（神経痛・麻痺等）,5,2,235,0.9%
島　　　根,眼の病気,40,32,235,13.6%
島　　　根,耳の病気,6,5,235,2.1%
島　　　根,高血圧症,106,80,235,34.0%
島　　　根,脳卒中（脳出血、脳梗塞等）,8,8,235,3.4%
島　　　根,狭心症・心筋梗塞,12,10,235,4.3%
島　　　根,その他の循環器系の病気,15,12,235,5.1%
島　　　根,急性鼻咽頭炎（かぜ）,0,0,235,0.0%
島　　　根,アレルギー性鼻炎,14,3,235,1.3%
島　　　根,慢性閉塞性肺疾患（COPD）,1,1,235,0.4%
島　　　根,喘息,9,4,235,1.7%
島　　　根,その他の呼吸器系の病気,9,7,235,3.0%
島　　　根,胃・十二指腸の病気,9,6,235,2.6%
島　　　根,肝臓・胆のうの病気,7,5,235,2.1%
島　　　根,その他の消化器系の病気,9,6,235,2.6%
島　　　根,歯の病気,25,12,235,5.1%
島　　　根,アトピー性皮膚炎,6,1,235,0.4%
島　　　根,その他の皮膚の病気,11,5,235,2.1%
島　　　根,痛風,7,4,235,1.7%
島　　　根,関節リウマチ,4,4,235,1.7%
島　　　根,関節症,14,10,235,4.3%
島　　　根,肩こり症,15,11,235,4.7%
島　　　根,腰痛症,31,25,235,10.6%
島　　　根,骨粗しょう症,15,14,235,6.0%
島　　　根,腎臓の病気,9,7,235,3.0%
島　　　根,前立腺肥大症,8,7,235,3.0%
島　　　根,閉経期又は閉経後障害（更年期障害等）,2,0,235,0.0%
島　　　根,骨折,4,3,235,1.3%
島　　　根,骨折以外のけが・やけど,4,1,235,0.4%
島　　　根,貧血・血液の病気,5,3,235,1.3%
島　　　根,悪性新生物（がん）,8,6,235,2.6%
島　　　根,妊娠・産褥（切迫流産、前置胎盤等）,0,-,235,#VALUE!
島　　　根,不妊症,0,-,235,#VALUE!
島　　　根,その他,16,6,235,2.6%
島　　　根,不　明,1,1,235,0.4%
島　　　根,不　　詳,2,1,235,0.4%
岡　　　山,岡　　　山,,,642,0.0%
岡　　　山,通院者数,814,469,642,73.1%
岡　　　山,糖尿病,108,76,642,11.8%
岡　　　山,肥満症,9,5,642,0.8%
岡　　　山,脂質異常症（高コレステロール血症等）,130,84,642,13.1%
岡　　　山,甲状腺の病気,28,17,642,2.6%
岡　　　山,うつ病やその他のこころの病気,40,13,642,2.0%
岡　　　山,認知症,18,17,642,2.6%
岡　　　山,パーキンソン病,5,4,642,0.6%
岡　　　山,その他の神経の病気（神経痛・麻痺等）,15,9,642,1.4%
岡　　　山,眼の病気,118,92,642,14.3%
岡　　　山,耳の病気,23,17,642,2.6%
岡　　　山,高血圧症,273,208,642,32.4%
岡　　　山,脳卒中（脳出血、脳梗塞等）,21,18,642,2.8%
岡　　　山,狭心症・心筋梗塞,29,22,642,3.4%
岡　　　山,その他の循環器系の病気,38,30,642,4.7%
岡　　　山,急性鼻咽頭炎（かぜ）,3,1,642,0.2%
岡　　　山,アレルギー性鼻炎,46,20,642,3.1%
岡　　　山,慢性閉塞性肺疾患（COPD）,4,4,642,0.6%
岡　　　山,喘息,22,10,642,1.6%
岡　　　山,その他の呼吸器系の病気,24,17,642,2.6%
岡　　　山,胃・十二指腸の病気,28,21,642,3.3%
岡　　　山,肝臓・胆のうの病気,19,13,642,2.0%
岡　　　山,その他の消化器系の病気,25,16,642,2.5%
岡　　　山,歯の病気,110,63,642,9.8%
岡　　　山,アトピー性皮膚炎,24,4,642,0.6%
岡　　　山,その他の皮膚の病気,39,19,642,3.0%
岡　　　山,痛風,18,9,642,1.4%
岡　　　山,関節リウマチ,21,15,642,2.3%
岡　　　山,関節症,35,25,642,3.9%
岡　　　山,肩こり症,45,25,642,3.9%
岡　　　山,腰痛症,88,64,642,10.0%
岡　　　山,骨粗しょう症,49,45,642,7.0%
岡　　　山,腎臓の病気,21,16,642,2.5%
岡　　　山,前立腺肥大症,29,27,642,4.2%
岡　　　山,閉経期又は閉経後障害（更年期障害等）,6,0,642,0.0%
岡　　　山,骨折,12,8,642,1.2%
岡　　　山,骨折以外のけが・やけど,13,5,642,0.8%
岡　　　山,貧血・血液の病気,14,9,642,1.4%
岡　　　山,悪性新生物（がん）,22,15,642,2.3%
岡　　　山,妊娠・産褥（切迫流産、前置胎盤等）,1,-,642,#VALUE!
岡　　　山,不妊症,2,-,642,#VALUE!
岡　　　山,その他,56,20,642,3.1%
岡　　　山,不　明,2,1,642,0.2%
岡　　　山,不　　詳,6,3,642,0.5%
広　　　島,広　　　島,,,929,0.0%
広　　　島,通院者数,1176,668,929,71.9%
広　　　島,糖尿病,162,116,929,12.5%
広　　　島,肥満症,20,10,929,1.1%
広　　　島,脂質異常症（高コレステロール血症等）,173,119,929,12.8%
広　　　島,甲状腺の病気,45,26,929,2.8%
広　　　島,うつ病やその他のこころの病気,63,20,929,2.2%
広　　　島,認知症,16,16,929,1.7%
広　　　島,パーキンソン病,7,6,929,0.6%
広　　　島,その他の神経の病気（神経痛・麻痺等）,20,9,929,1.0%
広　　　島,眼の病気,174,133,929,14.3%
広　　　島,耳の病気,25,19,929,2.0%
広　　　島,高血圧症,390,288,929,31.0%
広　　　島,脳卒中（脳出血、脳梗塞等）,34,28,929,3.0%
広　　　島,狭心症・心筋梗塞,48,40,929,4.3%
広　　　島,その他の循環器系の病気,66,53,929,5.7%
広　　　島,急性鼻咽頭炎（かぜ）,5,1,929,0.1%
広　　　島,アレルギー性鼻炎,70,27,929,2.9%
広　　　島,慢性閉塞性肺疾患（COPD）,5,3,929,0.3%
広　　　島,喘息,37,16,929,1.7%
広　　　島,その他の呼吸器系の病気,31,22,929,2.4%
広　　　島,胃・十二指腸の病気,34,24,929,2.6%
広　　　島,肝臓・胆のうの病気,34,21,929,2.3%
広　　　島,その他の消化器系の病気,37,21,929,2.3%
広　　　島,歯の病気,137,74,929,8.0%
広　　　島,アトピー性皮膚炎,32,4,929,0.4%
広　　　島,その他の皮膚の病気,59,29,929,3.1%
広　　　島,痛風,29,18,929,1.9%
広　　　島,関節リウマチ,26,17,929,1.8%
広　　　島,関節症,63,47,929,5.1%
広　　　島,肩こり症,75,44,929,4.7%
広　　　島,腰痛症,154,112,929,12.1%
広　　　島,骨粗しょう症,58,55,929,5.9%
広　　　島,腎臓の病気,34,24,929,2.6%
広　　　島,前立腺肥大症,44,40,929,4.3%
広　　　島,閉経期又は閉経後障害（更年期障害等）,5,-,929,#VALUE!
広　　　島,骨折,22,17,929,1.8%
広　　　島,骨折以外のけが・やけど,15,6,929,0.6%
広　　　島,貧血・血液の病気,15,8,929,0.9%
広　　　島,悪性新生物（がん）,36,23,929,2.5%
広　　　島,妊娠・産褥（切迫流産、前置胎盤等）,3,-,929,#VALUE!
広　　　島,不妊症,3,-,929,#VALUE!
広　　　島,その他,71,26,929,2.8%
広　　　島,不　明,4,2,929,0.2%
広　　　島,不　　詳,5,2,929,0.2%
山　　　口,山　　　口,,,539,0.0%
山　　　口,通院者数,621,390,539,72.4%
山　　　口,糖尿病,88,64,539,11.9%
山　　　口,肥満症,7,3,539,0.6%
山　　　口,脂質異常症（高コレステロール血症等）,102,74,539,13.7%
山　　　口,甲状腺の病気,18,11,539,2.0%
山　　　口,うつ病やその他のこころの病気,29,9,539,1.7%
山　　　口,認知症,12,11,539,2.0%
山　　　口,パーキンソン病,4,4,539,0.7%
山　　　口,その他の神経の病気（神経痛・麻痺等）,8,6,539,1.1%
山　　　口,眼の病気,107,88,539,16.3%
山　　　口,耳の病気,18,13,539,2.4%
山　　　口,高血圧症,232,180,539,33.4%
山　　　口,脳卒中（脳出血、脳梗塞等）,22,18,539,3.3%
山　　　口,狭心症・心筋梗塞,26,22,539,4.1%
山　　　口,その他の循環器系の病気,36,31,539,5.8%
山　　　口,急性鼻咽頭炎（かぜ）,1,1,539,0.2%
山　　　口,アレルギー性鼻炎,30,13,539,2.4%
山　　　口,慢性閉塞性肺疾患（COPD）,3,3,539,0.6%
山　　　口,喘息,18,9,539,1.7%
山　　　口,その他の呼吸器系の病気,18,13,539,2.4%
山　　　口,胃・十二指腸の病気,23,18,539,3.3%
山　　　口,肝臓・胆のうの病気,14,9,539,1.7%
山　　　口,その他の消化器系の病気,21,15,539,2.8%
山　　　口,歯の病気,78,47,539,8.7%
山　　　口,アトピー性皮膚炎,14,2,539,0.4%
山　　　口,その他の皮膚の病気,30,16,539,3.0%
山　　　口,痛風,18,12,539,2.2%
山　　　口,関節リウマチ,14,10,539,1.9%
山　　　口,関節症,29,23,539,4.3%
山　　　口,肩こり症,29,20,539,3.7%
山　　　口,腰痛症,70,55,539,10.2%
山　　　口,骨粗しょう症,39,37,539,6.9%
山　　　口,腎臓の病気,21,16,539,3.0%
山　　　口,前立腺肥大症,23,21,539,3.9%
山　　　口,閉経期又は閉経後障害（更年期障害等）,4,0,539,0.0%
山　　　口,骨折,10,6,539,1.1%
山　　　口,骨折以外のけが・やけど,7,3,539,0.6%
山　　　口,貧血・血液の病気,12,8,539,1.5%
山　　　口,悪性新生物（がん）,17,14,539,2.6%
山　　　口,妊娠・産褥（切迫流産、前置胎盤等）,1,-,539,#VALUE!
山　　　口,不妊症,0,-,539,#VALUE!
山　　　口,その他,38,16,539,3.0%
山　　　口,不　明,2,1,539,0.2%
山　　　口,不　　詳,3,2,539,0.4%
徳　　　島,徳　　　島,,,258,0.0%
徳　　　島,通院者数,305,175,258,67.8%
徳　　　島,糖尿病,46,33,258,12.8%
徳　　　島,肥満症,5,2,258,0.8%
徳　　　島,脂質異常症（高コレステロール血症等）,42,28,258,10.9%
徳　　　島,甲状腺の病気,9,4,258,1.6%
徳　　　島,うつ病やその他のこころの病気,14,3,258,1.2%
徳　　　島,認知症,6,6,258,2.3%
徳　　　島,パーキンソン病,2,2,258,0.8%
徳　　　島,その他の神経の病気（神経痛・麻痺等）,6,3,258,1.2%
徳　　　島,眼の病気,36,27,258,10.5%
徳　　　島,耳の病気,9,6,258,2.3%
徳　　　島,高血圧症,112,84,258,32.6%
徳　　　島,脳卒中（脳出血、脳梗塞等）,7,6,258,2.3%
徳　　　島,狭心症・心筋梗塞,13,11,258,4.3%
徳　　　島,その他の循環器系の病気,16,12,258,4.7%
徳　　　島,急性鼻咽頭炎（かぜ）,2,1,258,0.4%
徳　　　島,アレルギー性鼻炎,16,6,258,2.3%
徳　　　島,慢性閉塞性肺疾患（COPD）,1,1,258,0.4%
徳　　　島,喘息,8,4,258,1.6%
徳　　　島,その他の呼吸器系の病気,7,4,258,1.6%
徳　　　島,胃・十二指腸の病気,13,9,258,3.5%
徳　　　島,肝臓・胆のうの病気,4,3,258,1.2%
徳　　　島,その他の消化器系の病気,10,7,258,2.7%
徳　　　島,歯の病気,34,18,258,7.0%
徳　　　島,アトピー性皮膚炎,5,1,258,0.4%
徳　　　島,その他の皮膚の病気,14,5,258,1.9%
徳　　　島,痛風,8,4,258,1.6%
徳　　　島,関節リウマチ,6,4,258,1.6%
徳　　　島,関節症,17,13,258,5.0%
徳　　　島,肩こり症,23,13,258,5.0%
徳　　　島,腰痛症,40,27,258,10.5%
徳　　　島,骨粗しょう症,14,12,258,4.7%
徳　　　島,腎臓の病気,9,7,258,2.7%
徳　　　島,前立腺肥大症,12,11,258,4.3%
徳　　　島,閉経期又は閉経後障害（更年期障害等）,2,0,258,0.0%
徳　　　島,骨折,5,4,258,1.6%
徳　　　島,骨折以外のけが・やけど,3,1,258,0.4%
徳　　　島,貧血・血液の病気,5,3,258,1.2%
徳　　　島,悪性新生物（がん）,7,4,258,1.6%
徳　　　島,妊娠・産褥（切迫流産、前置胎盤等）,0,-,258,#VALUE!
徳　　　島,不妊症,1,-,258,#VALUE!
徳　　　島,その他,19,6,258,2.3%
徳　　　島,不　明,1,1,258,0.4%
徳　　　島,不　　詳,2,2,258,0.8%
香　　　川,香　　　川,,,311,0.0%
香　　　川,通院者数,399,218,311,70.1%
香　　　川,糖尿病,55,40,311,12.9%
香　　　川,肥満症,5,3,311,1.0%
香　　　川,脂質異常症（高コレステロール血症等）,58,37,311,11.9%
香　　　川,甲状腺の病気,16,9,311,2.9%
香　　　川,うつ病やその他のこころの病気,17,4,311,1.3%
香　　　川,認知症,7,7,311,2.3%
香　　　川,パーキンソン病,3,2,311,0.6%
香　　　川,その他の神経の病気（神経痛・麻痺等）,7,4,311,1.3%
香　　　川,眼の病気,50,37,311,11.9%
香　　　川,耳の病気,10,6,311,1.9%
香　　　川,高血圧症,138,102,311,32.8%
香　　　川,脳卒中（脳出血、脳梗塞等）,10,8,311,2.6%
香　　　川,狭心症・心筋梗塞,17,14,311,4.5%
香　　　川,その他の循環器系の病気,22,17,311,5.5%
香　　　川,急性鼻咽頭炎（かぜ）,1,0,311,0.0%
香　　　川,アレルギー性鼻炎,23,6,311,1.9%
香　　　川,慢性閉塞性肺疾患（COPD）,3,2,311,0.6%
香　　　川,喘息,13,5,311,1.6%
香　　　川,その他の呼吸器系の病気,11,8,311,2.6%
香　　　川,胃・十二指腸の病気,16,11,311,3.5%
香　　　川,肝臓・胆のうの病気,9,6,311,1.9%
香　　　川,その他の消化器系の病気,12,8,311,2.6%
香　　　川,歯の病気,44,25,311,8.0%
香　　　川,アトピー性皮膚炎,13,1,311,0.3%
香　　　川,その他の皮膚の病気,18,8,311,2.6%
香　　　川,痛風,8,5,311,1.6%
香　　　川,関節リウマチ,9,7,311,2.3%
香　　　川,関節症,21,14,311,4.5%
香　　　川,肩こり症,33,18,311,5.8%
香　　　川,腰痛症,48,31,311,10.0%
香　　　川,骨粗しょう症,18,16,311,5.1%
香　　　川,腎臓の病気,15,10,311,3.2%
香　　　川,前立腺肥大症,13,12,311,3.9%
香　　　川,閉経期又は閉経後障害（更年期障害等）,2,0,311,0.0%
香　　　川,骨折,8,6,311,1.9%
香　　　川,骨折以外のけが・やけど,6,3,311,1.0%
香　　　川,貧血・血液の病気,8,5,311,1.6%
香　　　川,悪性新生物（がん）,11,8,311,2.6%
香　　　川,妊娠・産褥（切迫流産、前置胎盤等）,1,-,311,#VALUE!
香　　　川,不妊症,1,-,311,#VALUE!
香　　　川,その他,26,9,311,2.9%
香　　　川,不　明,1,0,311,0.0%
香　　　川,不　　詳,2,1,311,0.3%
愛　　　媛,愛　　　媛,,,442,0.0%
愛　　　媛,通院者数,561,309,442,69.9%
愛　　　媛,糖尿病,77,53,442,12.0%
愛　　　媛,肥満症,9,5,442,1.1%
愛　　　媛,脂質異常症（高コレステロール血症等）,90,58,442,13.1%
愛　　　媛,甲状腺の病気,21,12,442,2.7%
愛　　　媛,うつ病やその他のこころの病気,28,7,442,1.6%
愛　　　媛,認知症,9,9,442,2.0%
愛　　　媛,パーキンソン病,4,3,442,0.7%
愛　　　媛,その他の神経の病気（神経痛・麻痺等）,8,5,442,1.1%
愛　　　媛,眼の病気,81,63,442,14.3%
愛　　　媛,耳の病気,13,10,442,2.3%
愛　　　媛,高血圧症,202,148,442,33.5%
愛　　　媛,脳卒中（脳出血、脳梗塞等）,17,14,442,3.2%
愛　　　媛,狭心症・心筋梗塞,27,22,442,5.0%
愛　　　媛,その他の循環器系の病気,29,23,442,5.2%
愛　　　媛,急性鼻咽頭炎（かぜ）,2,0,442,0.0%
愛　　　媛,アレルギー性鼻炎,32,10,442,2.3%
愛　　　媛,慢性閉塞性肺疾患（COPD）,2,2,442,0.5%
愛　　　媛,喘息,16,7,442,1.6%
愛　　　媛,その他の呼吸器系の病気,13,9,442,2.0%
愛　　　媛,胃・十二指腸の病気,18,11,442,2.5%
愛　　　媛,肝臓・胆のうの病気,14,8,442,1.8%
愛　　　媛,その他の消化器系の病気,14,7,442,1.6%
愛　　　媛,歯の病気,68,38,442,8.6%
愛　　　媛,アトピー性皮膚炎,13,2,442,0.5%
愛　　　媛,その他の皮膚の病気,24,12,442,2.7%
愛　　　媛,痛風,16,9,442,2.0%
愛　　　媛,関節リウマチ,10,6,442,1.4%
愛　　　媛,関節症,32,23,442,5.2%
愛　　　媛,肩こり症,42,23,442,5.2%
愛　　　媛,腰痛症,68,44,442,10.0%
愛　　　媛,骨粗しょう症,24,23,442,5.2%
愛　　　媛,腎臓の病気,17,12,442,2.7%
愛　　　媛,前立腺肥大症,21,19,442,4.3%
愛　　　媛,閉経期又は閉経後障害（更年期障害等）,3,-,442,#VALUE!
愛　　　媛,骨折,10,7,442,1.6%
愛　　　媛,骨折以外のけが・やけど,8,4,442,0.9%
愛　　　媛,貧血・血液の病気,9,5,442,1.1%
愛　　　媛,悪性新生物（がん）,18,11,442,2.5%
愛　　　媛,妊娠・産褥（切迫流産、前置胎盤等）,1,-,442,#VALUE!
愛　　　媛,不妊症,1,-,442,#VALUE!
愛　　　媛,その他,38,12,442,2.7%
愛　　　媛,不　明,2,0,442,0.0%
愛　　　媛,不　　詳,2,1,442,0.2%
高　　　知,高　　　知,,,278,0.0%
高　　　知,通院者数,323,201,278,72.3%
高　　　知,糖尿病,45,32,278,11.5%
高　　　知,肥満症,3,2,278,0.7%
高　　　知,脂質異常症（高コレステロール血症等）,47,34,278,12.2%
高　　　知,甲状腺の病気,12,7,278,2.5%
高　　　知,うつ病やその他のこころの病気,15,4,278,1.4%
高　　　知,認知症,6,6,278,2.2%
高　　　知,パーキンソン病,1,1,278,0.4%
高　　　知,その他の神経の病気（神経痛・麻痺等）,6,4,278,1.4%
高　　　知,眼の病気,42,34,278,12.2%
高　　　知,耳の病気,8,7,278,2.5%
高　　　知,高血圧症,127,99,278,35.6%
高　　　知,脳卒中（脳出血、脳梗塞等）,13,11,278,4.0%
高　　　知,狭心症・心筋梗塞,17,15,278,5.4%
高　　　知,その他の循環器系の病気,17,13,278,4.7%
高　　　知,急性鼻咽頭炎（かぜ）,2,1,278,0.4%
高　　　知,アレルギー性鼻炎,15,6,278,2.2%
高　　　知,慢性閉塞性肺疾患（COPD）,2,2,278,0.7%
高　　　知,喘息,11,5,278,1.8%
高　　　知,その他の呼吸器系の病気,8,6,278,2.2%
高　　　知,胃・十二指腸の病気,8,6,278,2.2%
高　　　知,肝臓・胆のうの病気,7,5,278,1.8%
高　　　知,その他の消化器系の病気,10,7,278,2.5%
高　　　知,歯の病気,36,20,278,7.2%
高　　　知,アトピー性皮膚炎,6,1,278,0.4%
高　　　知,その他の皮膚の病気,12,7,278,2.5%
高　　　知,痛風,12,7,278,2.5%
高　　　知,関節リウマチ,8,5,278,1.8%
高　　　知,関節症,21,17,278,6.1%
高　　　知,肩こり症,18,11,278,4.0%
高　　　知,腰痛症,36,25,278,9.0%
高　　　知,骨粗しょう症,18,16,278,5.8%
高　　　知,腎臓の病気,10,8,278,2.9%
高　　　知,前立腺肥大症,10,9,278,3.2%
高　　　知,閉経期又は閉経後障害（更年期障害等）,2,-,278,#VALUE!
高　　　知,骨折,5,4,278,1.4%
高　　　知,骨折以外のけが・やけど,2,1,278,0.4%
高　　　知,貧血・血液の病気,4,2,278,0.7%
高　　　知,悪性新生物（がん）,11,8,278,2.9%
高　　　知,妊娠・産褥（切迫流産、前置胎盤等）,0,-,278,#VALUE!
高　　　知,不妊症,0,-,278,#VALUE!
高　　　知,その他,23,8,278,2.9%
高　　　知,不　明,1,1,278,0.4%
高　　　知,不　　詳,2,1,278,0.4%
福　　　岡,福　　　岡,,,"1,552",0.0%
福　　　岡,通院者数,2090,1064,"1,552",68.6%
福　　　岡,糖尿病,284,199,"1,552",12.8%
福　　　岡,肥満症,24,15,"1,552",1.0%
福　　　岡,脂質異常症（高コレステロール血症等）,307,188,"1,552",12.1%
福　　　岡,甲状腺の病気,89,37,"1,552",2.4%
福　　　岡,うつ病やその他のこころの病気,119,28,"1,552",1.8%
福　　　岡,認知症,34,33,"1,552",2.1%
福　　　岡,パーキンソン病,10,8,"1,552",0.5%
福　　　岡,その他の神経の病気（神経痛・麻痺等）,35,18,"1,552",1.2%
福　　　岡,眼の病気,263,197,"1,552",12.7%
福　　　岡,耳の病気,48,31,"1,552",2.0%
福　　　岡,高血圧症,681,489,"1,552",31.5%
福　　　岡,脳卒中（脳出血、脳梗塞等）,52,38,"1,552",2.4%
福　　　岡,狭心症・心筋梗塞,88,67,"1,552",4.3%
福　　　岡,その他の循環器系の病気,91,72,"1,552",4.6%
福　　　岡,急性鼻咽頭炎（かぜ）,13,4,"1,552",0.3%
福　　　岡,アレルギー性鼻炎,107,38,"1,552",2.4%
福　　　岡,慢性閉塞性肺疾患（COPD）,9,7,"1,552",0.5%
福　　　岡,喘息,71,25,"1,552",1.6%
福　　　岡,その他の呼吸器系の病気,46,30,"1,552",1.9%
福　　　岡,胃・十二指腸の病気,70,51,"1,552",3.3%
福　　　岡,肝臓・胆のうの病気,41,25,"1,552",1.6%
福　　　岡,その他の消化器系の病気,68,35,"1,552",2.3%
福　　　岡,歯の病気,285,143,"1,552",9.2%
福　　　岡,アトピー性皮膚炎,47,7,"1,552",0.5%
福　　　岡,その他の皮膚の病気,95,46,"1,552",3.0%
福　　　岡,痛風,45,20,"1,552",1.3%
福　　　岡,関節リウマチ,37,21,"1,552",1.4%
福　　　岡,関節症,90,60,"1,552",3.9%
福　　　岡,肩こり症,120,60,"1,552",3.9%
福　　　岡,腰痛症,245,153,"1,552",9.9%
福　　　岡,骨粗しょう症,101,91,"1,552",5.9%
福　　　岡,腎臓の病気,64,41,"1,552",2.6%
福　　　岡,前立腺肥大症,58,51,"1,552",3.3%
福　　　岡,閉経期又は閉経後障害（更年期障害等）,18,2,"1,552",0.1%
福　　　岡,骨折,45,27,"1,552",1.7%
福　　　岡,骨折以外のけが・やけど,29,8,"1,552",0.5%
福　　　岡,貧血・血液の病気,35,14,"1,552",0.9%
福　　　岡,悪性新生物（がん）,50,31,"1,552",2.0%
福　　　岡,妊娠・産褥（切迫流産、前置胎盤等）,8,-,"1,552",#VALUE!
福　　　岡,不妊症,10,-,"1,552",#VALUE!
福　　　岡,その他,147,41,"1,552",2.6%
福　　　岡,不　明,7,3,"1,552",0.2%
福　　　岡,不　　詳,10,5,"1,552",0.3%
佐　　　賀,佐　　　賀,,,284,0.0%
佐　　　賀,通院者数,366,207,284,72.9%
佐　　　賀,糖尿病,48,35,284,12.3%
佐　　　賀,肥満症,5,3,284,1.1%
佐　　　賀,脂質異常症（高コレステロール血症等）,57,39,284,13.7%
佐　　　賀,甲状腺の病気,12,7,284,2.5%
佐　　　賀,うつ病やその他のこころの病気,17,4,284,1.4%
佐　　　賀,認知症,5,5,284,1.8%
佐　　　賀,パーキンソン病,1,1,284,0.4%
佐　　　賀,その他の神経の病気（神経痛・麻痺等）,6,4,284,1.4%
佐　　　賀,眼の病気,56,45,284,15.8%
佐　　　賀,耳の病気,10,7,284,2.5%
佐　　　賀,高血圧症,129,93,284,32.7%
佐　　　賀,脳卒中（脳出血、脳梗塞等）,9,8,284,2.8%
佐　　　賀,狭心症・心筋梗塞,14,12,284,4.2%
佐　　　賀,その他の循環器系の病気,16,11,284,3.9%
佐　　　賀,急性鼻咽頭炎（かぜ）,1,0,284,0.0%
佐　　　賀,アレルギー性鼻炎,20,7,284,2.5%
佐　　　賀,慢性閉塞性肺疾患（COPD）,2,2,284,0.7%
佐　　　賀,喘息,10,4,284,1.4%
佐　　　賀,その他の呼吸器系の病気,9,6,284,2.1%
佐　　　賀,胃・十二指腸の病気,17,12,284,4.2%
佐　　　賀,肝臓・胆のうの病気,9,6,284,2.1%
佐　　　賀,その他の消化器系の病気,12,7,284,2.5%
佐　　　賀,歯の病気,51,28,284,9.9%
佐　　　賀,アトピー性皮膚炎,7,1,284,0.4%
佐　　　賀,その他の皮膚の病気,21,10,284,3.5%
佐　　　賀,痛風,10,6,284,2.1%
佐　　　賀,関節リウマチ,8,6,284,2.1%
佐　　　賀,関節症,19,13,284,4.6%
佐　　　賀,肩こり症,22,12,284,4.2%
佐　　　賀,腰痛症,41,27,284,9.5%
佐　　　賀,骨粗しょう症,22,19,284,6.7%
佐　　　賀,腎臓の病気,11,8,284,2.8%
佐　　　賀,前立腺肥大症,12,12,284,4.2%
佐　　　賀,閉経期又は閉経後障害（更年期障害等）,2,0,284,0.0%
佐　　　賀,骨折,7,4,284,1.4%
佐　　　賀,骨折以外のけが・やけど,5,1,284,0.4%
佐　　　賀,貧血・血液の病気,6,4,284,1.4%
佐　　　賀,悪性新生物（がん）,10,6,284,2.1%
佐　　　賀,妊娠・産褥（切迫流産、前置胎盤等）,1,-,284,#VALUE!
佐　　　賀,不妊症,1,-,284,#VALUE!
佐　　　賀,その他,21,5,284,1.8%
佐　　　賀,不　明,1,0,284,0.0%
佐　　　賀,不　　詳,2,1,284,0.4%
長　　　崎,長　　　崎,,,463,0.0%
長　　　崎,通院者数,598,340,463,73.4%
長　　　崎,糖尿病,82,56,463,12.1%
長　　　崎,肥満症,9,5,463,1.1%
長　　　崎,脂質異常症（高コレステロール血症等）,80,53,463,11.4%
長　　　崎,甲状腺の病気,19,10,463,2.2%
長　　　崎,うつ病やその他のこころの病気,23,5,463,1.1%
長　　　崎,認知症,10,10,463,2.2%
長　　　崎,パーキンソン病,3,2,463,0.4%
長　　　崎,その他の神経の病気（神経痛・麻痺等）,10,5,463,1.1%
長　　　崎,眼の病気,90,72,463,15.6%
長　　　崎,耳の病気,14,9,463,1.9%
長　　　崎,高血圧症,227,168,463,36.3%
長　　　崎,脳卒中（脳出血、脳梗塞等）,14,11,463,2.4%
長　　　崎,狭心症・心筋梗塞,30,26,463,5.6%
長　　　崎,その他の循環器系の病気,27,21,463,4.5%
長　　　崎,急性鼻咽頭炎（かぜ）,2,1,463,0.2%
長　　　崎,アレルギー性鼻炎,31,11,463,2.4%
長　　　崎,慢性閉塞性肺疾患（COPD）,3,2,463,0.4%
長　　　崎,喘息,24,11,463,2.4%
長　　　崎,その他の呼吸器系の病気,19,14,463,3.0%
長　　　崎,胃・十二指腸の病気,21,14,463,3.0%
長　　　崎,肝臓・胆のうの病気,16,11,463,2.4%
長　　　崎,その他の消化器系の病気,18,12,463,2.6%
長　　　崎,歯の病気,77,43,463,9.3%
長　　　崎,アトピー性皮膚炎,13,1,463,0.2%
長　　　崎,その他の皮膚の病気,30,15,463,3.2%
長　　　崎,痛風,17,10,463,2.2%
長　　　崎,関節リウマチ,15,10,463,2.2%
長　　　崎,関節症,32,23,463,5.0%
長　　　崎,肩こり症,37,20,463,4.3%
長　　　崎,腰痛症,76,54,463,11.7%
長　　　崎,骨粗しょう症,36,32,463,6.9%
長　　　崎,腎臓の病気,18,13,463,2.8%
長　　　崎,前立腺肥大症,22,20,463,4.3%
長　　　崎,閉経期又は閉経後障害（更年期障害等）,4,0,463,0.0%
長　　　崎,骨折,10,6,463,1.3%
長　　　崎,骨折以外のけが・やけど,7,3,463,0.6%
長　　　崎,貧血・血液の病気,10,6,463,1.3%
長　　　崎,悪性新生物（がん）,16,10,463,2.2%
長　　　崎,妊娠・産褥（切迫流産、前置胎盤等）,1,-,463,#VALUE!
長　　　崎,不妊症,1,-,463,#VALUE!
長　　　崎,その他,35,11,463,2.4%
長　　　崎,不　明,3,1,463,0.2%
長　　　崎,不　　詳,3,1,463,0.2%
熊　　　本,熊　　　本,,,622,0.0%
熊　　　本,通院者数,782,451,622,72.5%
熊　　　本,糖尿病,113,80,622,12.9%
熊　　　本,肥満症,8,5,622,0.8%
熊　　　本,脂質異常症（高コレステロール血症等）,124,77,622,12.4%
熊　　　本,甲状腺の病気,29,15,622,2.4%
熊　　　本,うつ病やその他のこころの病気,38,10,622,1.6%
熊　　　本,認知症,12,12,622,1.9%
熊　　　本,パーキンソン病,3,3,622,0.5%
熊　　　本,その他の神経の病気（神経痛・麻痺等）,12,6,622,1.0%
熊　　　本,眼の病気,106,85,622,13.7%
熊　　　本,耳の病気,18,12,622,1.9%
熊　　　本,高血圧症,299,216,622,34.7%
熊　　　本,脳卒中（脳出血、脳梗塞等）,18,14,622,2.3%
熊　　　本,狭心症・心筋梗塞,32,27,622,4.3%
熊　　　本,その他の循環器系の病気,41,34,622,5.5%
熊　　　本,急性鼻咽頭炎（かぜ）,4,2,622,0.3%
熊　　　本,アレルギー性鼻炎,45,17,622,2.7%
熊　　　本,慢性閉塞性肺疾患（COPD）,3,2,622,0.3%
熊　　　本,喘息,24,12,622,1.9%
熊　　　本,その他の呼吸器系の病気,20,14,622,2.3%
熊　　　本,胃・十二指腸の病気,30,23,622,3.7%
熊　　　本,肝臓・胆のうの病気,18,11,622,1.8%
熊　　　本,その他の消化器系の病気,23,15,622,2.4%
熊　　　本,歯の病気,94,51,622,8.2%
熊　　　本,アトピー性皮膚炎,9,2,622,0.3%
熊　　　本,その他の皮膚の病気,34,18,622,2.9%
熊　　　本,痛風,26,14,622,2.3%
熊　　　本,関節リウマチ,15,9,622,1.4%
熊　　　本,関節症,40,30,622,4.8%
熊　　　本,肩こり症,44,28,622,4.5%
熊　　　本,腰痛症,96,69,622,11.1%
熊　　　本,骨粗しょう症,40,36,622,5.8%
熊　　　本,腎臓の病気,20,13,622,2.1%
熊　　　本,前立腺肥大症,30,28,622,4.5%
熊　　　本,閉経期又は閉経後障害（更年期障害等）,4,1,622,0.2%
熊　　　本,骨折,10,7,622,1.1%
熊　　　本,骨折以外のけが・やけど,10,4,622,0.6%
熊　　　本,貧血・血液の病気,12,7,622,1.1%
熊　　　本,悪性新生物（がん）,16,10,622,1.6%
熊　　　本,妊娠・産褥（切迫流産、前置胎盤等）,1,-,622,#VALUE!
熊　　　本,不妊症,1,-,622,#VALUE!
熊　　　本,その他,43,12,622,1.9%
熊　　　本,不　明,2,1,622,0.2%
熊　　　本,不　　詳,5,3,622,0.5%
大　　　分,大　　　分,,,433,0.0%
大　　　分,通院者数,492,301,433,69.5%
大　　　分,糖尿病,76,55,433,12.7%
大　　　分,肥満症,8,5,433,1.2%
大　　　分,脂質異常症（高コレステロール血症等）,82,57,433,13.2%
大　　　分,甲状腺の病気,20,12,433,2.8%
大　　　分,うつ病やその他のこころの病気,24,7,433,1.6%
大　　　分,認知症,9,8,433,1.8%
大　　　分,パーキンソン病,2,2,433,0.5%
大　　　分,その他の神経の病気（神経痛・麻痺等）,9,6,433,1.4%
大　　　分,眼の病気,60,48,433,11.1%
大　　　分,耳の病気,13,10,433,2.3%
大　　　分,高血圧症,182,139,433,32.1%
大　　　分,脳卒中（脳出血、脳梗塞等）,12,10,433,2.3%
大　　　分,狭心症・心筋梗塞,20,17,433,3.9%
大　　　分,その他の循環器系の病気,24,20,433,4.6%
大　　　分,急性鼻咽頭炎（かぜ）,2,0,433,0.0%
大　　　分,アレルギー性鼻炎,22,9,433,2.1%
大　　　分,慢性閉塞性肺疾患（COPD）,2,1,433,0.2%
大　　　分,喘息,16,6,433,1.4%
大　　　分,その他の呼吸器系の病気,12,9,433,2.1%
大　　　分,胃・十二指腸の病気,16,11,433,2.5%
大　　　分,肝臓・胆のうの病気,10,7,433,1.6%
大　　　分,その他の消化器系の病気,15,10,433,2.3%
大　　　分,歯の病気,48,26,433,6.0%
大　　　分,アトピー性皮膚炎,8,1,433,0.2%
大　　　分,その他の皮膚の病気,19,9,433,2.1%
大　　　分,痛風,13,7,433,1.6%
大　　　分,関節リウマチ,12,9,433,2.1%
大　　　分,関節症,26,20,433,4.6%
大　　　分,肩こり症,32,21,433,4.8%
大　　　分,腰痛症,62,46,433,10.6%
大　　　分,骨粗しょう症,26,22,433,5.1%
大　　　分,腎臓の病気,16,12,433,2.8%
大　　　分,前立腺肥大症,15,14,433,3.2%
大　　　分,閉経期又は閉経後障害（更年期障害等）,2,0,433,0.0%
大　　　分,骨折,9,7,433,1.6%
大　　　分,骨折以外のけが・やけど,7,3,433,0.7%
大　　　分,貧血・血液の病気,9,7,433,1.6%
大　　　分,悪性新生物（がん）,14,10,433,2.3%
大　　　分,妊娠・産褥（切迫流産、前置胎盤等）,1,-,433,#VALUE!
大　　　分,不妊症,1,-,433,#VALUE!
大　　　分,その他,27,10,433,2.3%
大　　　分,不　明,1,0,433,0.0%
大　　　分,不　　詳,4,3,433,0.7%
宮　　　崎,宮　　　崎,,,382,0.0%
宮　　　崎,通院者数,461,264,382,69.1%
宮　　　崎,糖尿病,67,47,382,12.3%
宮　　　崎,肥満症,6,4,382,1.0%
宮　　　崎,脂質異常症（高コレステロール血症等）,63,42,382,11.0%
宮　　　崎,甲状腺の病気,21,11,382,2.9%
宮　　　崎,うつ病やその他のこころの病気,22,6,382,1.6%
宮　　　崎,認知症,7,6,382,1.6%
宮　　　崎,パーキンソン病,3,3,382,0.8%
宮　　　崎,その他の神経の病気（神経痛・麻痺等）,9,6,382,1.6%
宮　　　崎,眼の病気,58,44,382,11.5%
宮　　　崎,耳の病気,10,6,382,1.6%
宮　　　崎,高血圧症,182,133,382,34.8%
宮　　　崎,脳卒中（脳出血、脳梗塞等）,12,10,382,2.6%
宮　　　崎,狭心症・心筋梗塞,19,17,382,4.5%
宮　　　崎,その他の循環器系の病気,21,17,382,4.5%
宮　　　崎,急性鼻咽頭炎（かぜ）,2,1,382,0.3%
宮　　　崎,アレルギー性鼻炎,19,7,382,1.8%
宮　　　崎,慢性閉塞性肺疾患（COPD）,2,1,382,0.3%
宮　　　崎,喘息,13,6,382,1.6%
宮　　　崎,その他の呼吸器系の病気,9,7,382,1.8%
宮　　　崎,胃・十二指腸の病気,12,9,382,2.4%
宮　　　崎,肝臓・胆のうの病気,9,6,382,1.6%
宮　　　崎,その他の消化器系の病気,11,7,382,1.8%
宮　　　崎,歯の病気,43,23,382,6.0%
宮　　　崎,アトピー性皮膚炎,9,0,382,0.0%
宮　　　崎,その他の皮膚の病気,19,9,382,2.4%
宮　　　崎,痛風,13,8,382,2.1%
宮　　　崎,関節リウマチ,9,6,382,1.6%
宮　　　崎,関節症,23,17,382,4.5%
宮　　　崎,肩こり症,29,20,382,5.2%
宮　　　崎,腰痛症,51,38,382,9.9%
宮　　　崎,骨粗しょう症,26,23,382,6.0%
宮　　　崎,腎臓の病気,13,9,382,2.4%
宮　　　崎,前立腺肥大症,17,15,382,3.9%
宮　　　崎,閉経期又は閉経後障害（更年期障害等）,3,0,382,0.0%
宮　　　崎,骨折,8,6,382,1.6%
宮　　　崎,骨折以外のけが・やけど,5,2,382,0.5%
宮　　　崎,貧血・血液の病気,8,5,382,1.3%
宮　　　崎,悪性新生物（がん）,10,6,382,1.6%
宮　　　崎,妊娠・産褥（切迫流産、前置胎盤等）,1,-,382,#VALUE!
宮　　　崎,不妊症,1,-,382,#VALUE!
宮　　　崎,その他,26,7,382,1.8%
宮　　　崎,不　明,2,1,382,0.3%
宮　　　崎,不　　詳,2,2,382,0.5%
鹿　児　島,鹿　児　島,,,528,0.0%
鹿　児　島,通院者数,668,364,528,68.9%
鹿　児　島,糖尿病,93,63,528,11.9%
鹿　児　島,肥満症,10,6,528,1.1%
鹿　児　島,脂質異常症（高コレステロール血症等）,93,60,528,11.4%
鹿　児　島,甲状腺の病気,24,12,528,2.3%
鹿　児　島,うつ病やその他のこころの病気,28,6,528,1.1%
鹿　児　島,認知症,9,9,528,1.7%
鹿　児　島,パーキンソン病,3,3,528,0.6%
鹿　児　島,その他の神経の病気（神経痛・麻痺等）,12,6,528,1.1%
鹿　児　島,眼の病気,98,73,528,13.8%
鹿　児　島,耳の病気,14,10,528,1.9%
鹿　児　島,高血圧症,260,184,528,34.8%
鹿　児　島,脳卒中（脳出血、脳梗塞等）,16,12,528,2.3%
鹿　児　島,狭心症・心筋梗塞,29,22,528,4.2%
鹿　児　島,その他の循環器系の病気,31,25,528,4.7%
鹿　児　島,急性鼻咽頭炎（かぜ）,2,0,528,0.0%
鹿　児　島,アレルギー性鼻炎,30,8,528,1.5%
鹿　児　島,慢性閉塞性肺疾患（COPD）,2,2,528,0.4%
鹿　児　島,喘息,20,7,528,1.3%
鹿　児　島,その他の呼吸器系の病気,15,10,528,1.9%
鹿　児　島,胃・十二指腸の病気,18,14,528,2.7%
鹿　児　島,肝臓・胆のうの病気,12,8,528,1.5%
鹿　児　島,その他の消化器系の病気,18,10,528,1.9%
鹿　児　島,歯の病気,76,35,528,6.6%
鹿　児　島,アトピー性皮膚炎,11,2,528,0.4%
鹿　児　島,その他の皮膚の病気,26,11,528,2.1%
鹿　児　島,痛風,18,10,528,1.9%
鹿　児　島,関節リウマチ,16,10,528,1.9%
鹿　児　島,関節症,36,24,528,4.5%
鹿　児　島,肩こり症,42,24,528,4.5%
鹿　児　島,腰痛症,74,50,528,9.5%
鹿　児　島,骨粗しょう症,35,32,528,6.1%
鹿　児　島,腎臓の病気,18,13,528,2.5%
鹿　児　島,前立腺肥大症,19,16,528,3.0%
鹿　児　島,閉経期又は閉経後障害（更年期障害等）,3,0,528,0.0%
鹿　児　島,骨折,10,7,528,1.3%
鹿　児　島,骨折以外のけが・やけど,10,4,528,0.8%
鹿　児　島,貧血・血液の病気,11,6,528,1.1%
鹿　児　島,悪性新生物（がん）,16,8,528,1.5%
鹿　児　島,妊娠・産褥（切迫流産、前置胎盤等）,1,-,528,#VALUE!
鹿　児　島,不妊症,1,-,528,#VALUE!
鹿　児　島,その他,37,11,528,2.1%
鹿　児　島,不　明,3,1,528,0.2%
鹿　児　島,不　　詳,3,2,528,0.4%
沖　　　縄,沖　　　縄,,,399,0.0%
沖　　　縄,通院者数,519,254,399,63.7%
沖　　　縄,糖尿病,65,44,399,11.0%
沖　　　縄,肥満症,12,6,399,1.5%
沖　　　縄,脂質異常症（高コレステロール血症等）,68,42,399,10.5%
沖　　　縄,甲状腺の病気,19,11,399,2.8%
沖　　　縄,うつ病やその他のこころの病気,34,6,399,1.5%
沖　　　縄,認知症,10,9,399,2.3%
沖　　　縄,パーキンソン病,2,2,399,0.5%
沖　　　縄,その他の神経の病気（神経痛・麻痺等）,9,5,399,1.3%
沖　　　縄,眼の病気,71,51,399,12.8%
沖　　　縄,耳の病気,15,11,399,2.8%
沖　　　縄,高血圧症,199,133,399,33.3%
沖　　　縄,脳卒中（脳出血、脳梗塞等）,17,13,399,3.3%
沖　　　縄,狭心症・心筋梗塞,26,18,399,4.5%
沖　　　縄,その他の循環器系の病気,22,16,399,4.0%
沖　　　縄,急性鼻咽頭炎（かぜ）,4,1,399,0.3%
沖　　　縄,アレルギー性鼻炎,24,8,399,2.0%
沖　　　縄,慢性閉塞性肺疾患（COPD）,3,2,399,0.5%
沖　　　縄,喘息,26,13,399,3.3%
沖　　　縄,その他の呼吸器系の病気,12,7,399,1.8%
沖　　　縄,胃・十二指腸の病気,14,9,399,2.3%
沖　　　縄,肝臓・胆のうの病気,7,4,399,1.0%
沖　　　縄,その他の消化器系の病気,11,5,399,1.3%
沖　　　縄,歯の病気,59,23,399,5.8%
沖　　　縄,アトピー性皮膚炎,8,2,399,0.5%
沖　　　縄,その他の皮膚の病気,19,8,399,2.0%
沖　　　縄,痛風,13,5,399,1.3%
沖　　　縄,関節リウマチ,12,8,399,2.0%
沖　　　縄,関節症,27,20,399,5.0%
沖　　　縄,肩こり症,27,16,399,4.0%
沖　　　縄,腰痛症,51,36,399,9.0%
沖　　　縄,骨粗しょう症,27,23,399,5.8%
沖　　　縄,腎臓の病気,14,10,399,2.5%
沖　　　縄,前立腺肥大症,17,16,399,4.0%
沖　　　縄,閉経期又は閉経後障害（更年期障害等）,4,0,399,0.0%
沖　　　縄,骨折,7,4,399,1.0%
沖　　　縄,骨折以外のけが・やけど,8,2,399,0.5%
沖　　　縄,貧血・血液の病気,8,3,399,0.8%
沖　　　縄,悪性新生物（がん）,14,5,399,1.3%
沖　　　縄,妊娠・産褥（切迫流産、前置胎盤等）,2,-,399,#VALUE!
沖　　　縄,不妊症,1,-,399,#VALUE!
沖　　　縄,その他,30,9,399,2.3%
沖　　　縄,不　明,3,1,399,0.3%
沖　　　縄,不　　詳,3,2,399,0.5%
（再掲）東京都区部,（再掲）東京都区部,,,"2,505",0.0%
（再掲）東京都区部,通院者数,3347,1685,"2,505",67.3%
（再掲）東京都区部,糖尿病,411,277,"2,505",11.1%
（再掲）東京都区部,肥満症,42,27,"2,505",1.1%
（再掲）東京都区部,脂質異常症（高コレステロール血症等）,496,296,"2,505",11.8%
（再掲）東京都区部,甲状腺の病気,117,61,"2,505",2.4%
（再掲）東京都区部,うつ病やその他のこころの病気,220,39,"2,505",1.6%
（再掲）東京都区部,認知症,55,55,"2,505",2.2%
（再掲）東京都区部,パーキンソン病,29,26,"2,505",1.0%
（再掲）東京都区部,その他の神経の病気（神経痛・麻痺等）,66,34,"2,505",1.4%
（再掲）東京都区部,眼の病気,453,327,"2,505",13.1%
（再掲）東京都区部,耳の病気,74,50,"2,505",2.0%
（再掲）東京都区部,高血圧症,950,672,"2,505",26.8%
（再掲）東京都区部,脳卒中（脳出血、脳梗塞等）,76,60,"2,505",2.4%
（再掲）東京都区部,狭心症・心筋梗塞,126,104,"2,505",4.2%
（再掲）東京都区部,その他の循環器系の病気,144,107,"2,505",4.3%
（再掲）東京都区部,急性鼻咽頭炎（かぜ）,20,4,"2,505",0.2%
（再掲）東京都区部,アレルギー性鼻炎,209,66,"2,505",2.6%
（再掲）東京都区部,慢性閉塞性肺疾患（COPD）,16,15,"2,505",0.6%
（再掲）東京都区部,喘息,121,42,"2,505",1.7%
（再掲）東京都区部,その他の呼吸器系の病気,99,59,"2,505",2.4%
（再掲）東京都区部,胃・十二指腸の病気,116,73,"2,505",2.9%
（再掲）東京都区部,肝臓・胆のうの病気,51,27,"2,505",1.1%
（再掲）東京都区部,その他の消化器系の病気,123,65,"2,505",2.6%
（再掲）東京都区部,歯の病気,467,227,"2,505",9.1%
（再掲）東京都区部,アトピー性皮膚炎,110,11,"2,505",0.4%
（再掲）東京都区部,その他の皮膚の病気,184,53,"2,505",2.1%
（再掲）東京都区部,痛風,73,30,"2,505",1.2%
（再掲）東京都区部,関節リウマチ,67,49,"2,505",2.0%
（再掲）東京都区部,関節症,188,117,"2,505",4.7%
（再掲）東京都区部,肩こり症,199,80,"2,505",3.2%
（再掲）東京都区部,腰痛症,396,230,"2,505",9.2%
（再掲）東京都区部,骨粗しょう症,148,139,"2,505",5.5%
（再掲）東京都区部,腎臓の病気,88,63,"2,505",2.5%
（再掲）東京都区部,前立腺肥大症,117,105,"2,505",4.2%
（再掲）東京都区部,閉経期又は閉経後障害（更年期障害等）,23,1,"2,505",0.0%
（再掲）東京都区部,骨折,63,42,"2,505",1.7%
（再掲）東京都区部,骨折以外のけが・やけど,54,17,"2,505",0.7%
（再掲）東京都区部,貧血・血液の病気,65,31,"2,505",1.2%
（再掲）東京都区部,悪性新生物（がん）,93,57,"2,505",2.3%
（再掲）東京都区部,妊娠・産褥（切迫流産、前置胎盤等）,11,-,"2,505",#VALUE!
（再掲）東京都区部,不妊症,7,-,"2,505",#VALUE!
（再掲）東京都区部,その他,244,87,"2,505",3.5%
（再掲）東京都区部,不　明,19,10,"2,505",0.4%
（再掲）東京都区部,不　　詳,19,15,"2,505",0.6%
（再掲）札　幌　市,（再掲）札　幌　市,,,647,0.0%
（再掲）札　幌　市,通院者数,898,468,647,72.3%
（再掲）札　幌　市,糖尿病,126,87,647,13.4%
（再掲）札　幌　市,肥満症,10,4,647,0.6%
（再掲）札　幌　市,脂質異常症（高コレステロール血症等）,159,101,647,15.6%
（再掲）札　幌　市,甲状腺の病気,42,23,647,3.6%
（再掲）札　幌　市,うつ病やその他のこころの病気,61,8,647,1.2%
（再掲）札　幌　市,認知症,11,11,647,1.7%
（再掲）札　幌　市,パーキンソン病,5,5,647,0.8%
（再掲）札　幌　市,その他の神経の病気（神経痛・麻痺等）,13,5,647,0.8%
（再掲）札　幌　市,眼の病気,113,84,647,13.0%
（再掲）札　幌　市,耳の病気,21,14,647,2.2%
（再掲）札　幌　市,高血圧症,280,197,647,30.4%
（再掲）札　幌　市,脳卒中（脳出血、脳梗塞等）,20,15,647,2.3%
（再掲）札　幌　市,狭心症・心筋梗塞,45,36,647,5.6%
（再掲）札　幌　市,その他の循環器系の病気,52,41,647,6.3%
（再掲）札　幌　市,急性鼻咽頭炎（かぜ）,4,0,647,0.0%
（再掲）札　幌　市,アレルギー性鼻炎,68,27,647,4.2%
（再掲）札　幌　市,慢性閉塞性肺疾患（COPD）,3,2,647,0.3%
（再掲）札　幌　市,喘息,42,22,647,3.4%
（再掲）札　幌　市,その他の呼吸器系の病気,25,13,647,2.0%
（再掲）札　幌　市,胃・十二指腸の病気,35,25,647,3.9%
（再掲）札　幌　市,肝臓・胆のうの病気,26,18,647,2.8%
（再掲）札　幌　市,その他の消化器系の病気,39,23,647,3.6%
（再掲）札　幌　市,歯の病気,103,52,647,8.0%
（再掲）札　幌　市,アトピー性皮膚炎,30,3,647,0.5%
（再掲）札　幌　市,その他の皮膚の病気,48,18,647,2.8%
（再掲）札　幌　市,痛風,24,13,647,2.0%
（再掲）札　幌　市,関節リウマチ,30,20,647,3.1%
（再掲）札　幌　市,関節症,40,27,647,4.2%
（再掲）札　幌　市,肩こり症,44,23,647,3.6%
（再掲）札　幌　市,腰痛症,79,49,647,7.6%
（再掲）札　幌　市,骨粗しょう症,43,39,647,6.0%
（再掲）札　幌　市,腎臓の病気,22,14,647,2.2%
（再掲）札　幌　市,前立腺肥大症,33,29,647,4.5%
（再掲）札　幌　市,閉経期又は閉経後障害（更年期障害等）,10,0,647,0.0%
（再掲）札　幌　市,骨折,9,8,647,1.2%
（再掲）札　幌　市,骨折以外のけが・やけど,12,6,647,0.9%
（再掲）札　幌　市,貧血・血液の病気,13,5,647,0.8%
（再掲）札　幌　市,悪性新生物（がん）,24,14,647,2.2%
（再掲）札　幌　市,妊娠・産褥（切迫流産、前置胎盤等）,4,-,647,#VALUE!
（再掲）札　幌　市,不妊症,1,-,647,#VALUE!
（再掲）札　幌　市,その他,71,18,647,2.8%
（再掲）札　幌　市,不　明,3,-,647,#VALUE!
（再掲）札　幌　市,不　　詳,5,2,647,0.3%
（再掲）仙　台　市,（再掲）仙　台　市,,,330,0.0%
（再掲）仙　台　市,通院者数,486,244,330,73.9%
（再掲）仙　台　市,糖尿病,65,46,330,13.9%
（再掲）仙　台　市,肥満症,7,3,330,0.9%
（再掲）仙　台　市,脂質異常症（高コレステロール血症等）,91,61,330,18.5%
（再掲）仙　台　市,甲状腺の病気,18,9,330,2.7%
（再掲）仙　台　市,うつ病やその他のこころの病気,25,5,330,1.5%
（再掲）仙　台　市,認知症,6,6,330,1.8%
（再掲）仙　台　市,パーキンソン病,2,2,330,0.6%
（再掲）仙　台　市,その他の神経の病気（神経痛・麻痺等）,5,3,330,0.9%
（再掲）仙　台　市,眼の病気,80,61,330,18.5%
（再掲）仙　台　市,耳の病気,10,6,330,1.8%
（再掲）仙　台　市,高血圧症,167,118,330,35.8%
（再掲）仙　台　市,脳卒中（脳出血、脳梗塞等）,12,9,330,2.7%
（再掲）仙　台　市,狭心症・心筋梗塞,19,16,330,4.8%
（再掲）仙　台　市,その他の循環器系の病気,19,14,330,4.2%
（再掲）仙　台　市,急性鼻咽頭炎（かぜ）,1,0,330,0.0%
（再掲）仙　台　市,アレルギー性鼻炎,29,11,330,3.3%
（再掲）仙　台　市,慢性閉塞性肺疾患（COPD）,2,2,330,0.6%
（再掲）仙　台　市,喘息,16,6,330,1.8%
（再掲）仙　台　市,その他の呼吸器系の病気,11,6,330,1.8%
（再掲）仙　台　市,胃・十二指腸の病気,23,16,330,4.8%
（再掲）仙　台　市,肝臓・胆のうの病気,9,6,330,1.8%
（再掲）仙　台　市,その他の消化器系の病気,21,12,330,3.6%
（再掲）仙　台　市,歯の病気,72,41,330,12.4%
（再掲）仙　台　市,アトピー性皮膚炎,15,1,330,0.3%
（再掲）仙　台　市,その他の皮膚の病気,23,6,330,1.8%
（再掲）仙　台　市,痛風,12,8,330,2.4%
（再掲）仙　台　市,関節リウマチ,6,4,330,1.2%
（再掲）仙　台　市,関節症,23,16,330,4.8%
（再掲）仙　台　市,肩こり症,22,9,330,2.7%
（再掲）仙　台　市,腰痛症,52,33,330,10.0%
（再掲）仙　台　市,骨粗しょう症,24,21,330,6.4%
（再掲）仙　台　市,腎臓の病気,9,6,330,1.8%
（再掲）仙　台　市,前立腺肥大症,16,15,330,4.5%
（再掲）仙　台　市,閉経期又は閉経後障害（更年期障害等）,4,-,330,#VALUE!
（再掲）仙　台　市,骨折,7,5,330,1.5%
（再掲）仙　台　市,骨折以外のけが・やけど,7,4,330,1.2%
（再掲）仙　台　市,貧血・血液の病気,9,5,330,1.5%
（再掲）仙　台　市,悪性新生物（がん）,13,10,330,3.0%
（再掲）仙　台　市,妊娠・産褥（切迫流産、前置胎盤等）,1,-,330,#VALUE!
（再掲）仙　台　市,不妊症,2,-,330,#VALUE!
（再掲）仙　台　市,その他,35,7,330,2.1%
（再掲）仙　台　市,不　明,2,1,330,0.3%
（再掲）仙　台　市,不　　詳,2,1,330,0.3%
（再掲）さいたま市,（再掲）さいたま市,,,356,0.0%
（再掲）さいたま市,通院者数,458,235,356,66.0%
（再掲）さいたま市,糖尿病,65,47,356,13.2%
（再掲）さいたま市,肥満症,8,2,356,0.6%
（再掲）さいたま市,脂質異常症（高コレステロール血症等）,73,46,356,12.9%
（再掲）さいたま市,甲状腺の病気,16,9,356,2.5%
（再掲）さいたま市,うつ病やその他のこころの病気,26,6,356,1.7%
（再掲）さいたま市,認知症,6,5,356,1.4%
（再掲）さいたま市,パーキンソン病,3,2,356,0.6%
（再掲）さいたま市,その他の神経の病気（神経痛・麻痺等）,7,3,356,0.8%
（再掲）さいたま市,眼の病気,68,47,356,13.2%
（再掲）さいたま市,耳の病気,10,7,356,2.0%
（再掲）さいたま市,高血圧症,145,102,356,28.7%
（再掲）さいたま市,脳卒中（脳出血、脳梗塞等）,11,8,356,2.2%
（再掲）さいたま市,狭心症・心筋梗塞,21,17,356,4.8%
（再掲）さいたま市,その他の循環器系の病気,20,17,356,4.8%
（再掲）さいたま市,急性鼻咽頭炎（かぜ）,4,1,356,0.3%
（再掲）さいたま市,アレルギー性鼻炎,34,12,356,3.4%
（再掲）さいたま市,慢性閉塞性肺疾患（COPD）,3,2,356,0.6%
（再掲）さいたま市,喘息,13,4,356,1.1%
（再掲）さいたま市,その他の呼吸器系の病気,12,7,356,2.0%
（再掲）さいたま市,胃・十二指腸の病気,15,10,356,2.8%
（再掲）さいたま市,肝臓・胆のうの病気,10,5,356,1.4%
（再掲）さいたま市,その他の消化器系の病気,15,8,356,2.2%
（再掲）さいたま市,歯の病気,68,36,356,10.1%
（再掲）さいたま市,アトピー性皮膚炎,15,2,356,0.6%
（再掲）さいたま市,その他の皮膚の病気,26,10,356,2.8%
（再掲）さいたま市,痛風,13,5,356,1.4%
（再掲）さいたま市,関節リウマチ,8,6,356,1.7%
（再掲）さいたま市,関節症,21,12,356,3.4%
（再掲）さいたま市,肩こり症,25,11,356,3.1%
（再掲）さいたま市,腰痛症,50,33,356,9.3%
（再掲）さいたま市,骨粗しょう症,20,19,356,5.3%
（再掲）さいたま市,腎臓の病気,14,11,356,3.1%
（再掲）さいたま市,前立腺肥大症,17,15,356,4.2%
（再掲）さいたま市,閉経期又は閉経後障害（更年期障害等）,2,0,356,0.0%
（再掲）さいたま市,骨折,8,5,356,1.4%
（再掲）さいたま市,骨折以外のけが・やけど,7,2,356,0.6%
（再掲）さいたま市,貧血・血液の病気,9,6,356,1.7%
（再掲）さいたま市,悪性新生物（がん）,11,5,356,1.4%
（再掲）さいたま市,妊娠・産褥（切迫流産、前置胎盤等）,1,-,356,#VALUE!
（再掲）さいたま市,不妊症,2,-,356,#VALUE!
（再掲）さいたま市,その他,26,6,356,1.7%
（再掲）さいたま市,不　明,1,1,356,0.3%
（再掲）さいたま市,不　　詳,3,2,356,0.6%
（再掲）千　葉　市,（再掲）千　葉　市,,,292,0.0%
（再掲）千　葉　市,通院者数,411,201,292,68.8%
（再掲）千　葉　市,糖尿病,60,40,292,13.7%
（再掲）千　葉　市,肥満症,5,2,292,0.7%
（再掲）千　葉　市,脂質異常症（高コレステロール血症等）,71,42,292,14.4%
（再掲）千　葉　市,甲状腺の病気,14,7,292,2.4%
（再掲）千　葉　市,うつ病やその他のこころの病気,27,5,292,1.7%
（再掲）千　葉　市,認知症,5,5,292,1.7%
（再掲）千　葉　市,パーキンソン病,1,1,292,0.3%
（再掲）千　葉　市,その他の神経の病気（神経痛・麻痺等）,9,3,292,1.0%
（再掲）千　葉　市,眼の病気,61,41,292,14.0%
（再掲）千　葉　市,耳の病気,11,7,292,2.4%
（再掲）千　葉　市,高血圧症,130,92,292,31.5%
（再掲）千　葉　市,脳卒中（脳出血、脳梗塞等）,10,7,292,2.4%
（再掲）千　葉　市,狭心症・心筋梗塞,15,11,292,3.8%
（再掲）千　葉　市,その他の循環器系の病気,17,12,292,4.1%
（再掲）千　葉　市,急性鼻咽頭炎（かぜ）,2,0,292,0.0%
（再掲）千　葉　市,アレルギー性鼻炎,22,8,292,2.7%
（再掲）千　葉　市,慢性閉塞性肺疾患（COPD）,2,2,292,0.7%
（再掲）千　葉　市,喘息,15,5,292,1.7%
（再掲）千　葉　市,その他の呼吸器系の病気,7,5,292,1.7%
（再掲）千　葉　市,胃・十二指腸の病気,14,9,292,3.1%
（再掲）千　葉　市,肝臓・胆のうの病気,8,4,292,1.4%
（再掲）千　葉　市,その他の消化器系の病気,15,9,292,3.1%
（再掲）千　葉　市,歯の病気,55,27,292,9.2%
（再掲）千　葉　市,アトピー性皮膚炎,15,1,292,0.3%
（再掲）千　葉　市,その他の皮膚の病気,20,9,292,3.1%
（再掲）千　葉　市,痛風,11,5,292,1.7%
（再掲）千　葉　市,関節リウマチ,7,4,292,1.4%
（再掲）千　葉　市,関節症,20,12,292,4.1%
（再掲）千　葉　市,肩こり症,18,7,292,2.4%
（再掲）千　葉　市,腰痛症,42,25,292,8.6%
（再掲）千　葉　市,骨粗しょう症,19,16,292,5.5%
（再掲）千　葉　市,腎臓の病気,9,7,292,2.4%
（再掲）千　葉　市,前立腺肥大症,14,13,292,4.5%
（再掲）千　葉　市,閉経期又は閉経後障害（更年期障害等）,4,-,292,#VALUE!
（再掲）千　葉　市,骨折,7,5,292,1.7%
（再掲）千　葉　市,骨折以外のけが・やけど,5,2,292,0.7%
（再掲）千　葉　市,貧血・血液の病気,8,4,292,1.4%
（再掲）千　葉　市,悪性新生物（がん）,9,6,292,2.1%
（再掲）千　葉　市,妊娠・産褥（切迫流産、前置胎盤等）,1,-,292,#VALUE!
（再掲）千　葉　市,不妊症,1,-,292,#VALUE!
（再掲）千　葉　市,その他,23,5,292,1.7%
（再掲）千　葉　市,不　明,1,-,292,#VALUE!
（再掲）千　葉　市,不　　詳,2,1,292,0.3%
（再掲）横　浜　市,（再掲）横　浜　市,,,"1,237",0.0%
（再掲）横　浜　市,通院者数,1436,814,"1,237",65.8%
（再掲）横　浜　市,糖尿病,152,110,"1,237",8.9%
（再掲）横　浜　市,肥満症,20,12,"1,237",1.0%
（再掲）横　浜　市,脂質異常症（高コレステロール血症等）,229,151,"1,237",12.2%
（再掲）横　浜　市,甲状腺の病気,66,34,"1,237",2.7%
（再掲）横　浜　市,うつ病やその他のこころの病気,85,21,"1,237",1.7%
（再掲）横　浜　市,認知症,28,27,"1,237",2.2%
（再掲）横　浜　市,パーキンソン病,13,12,"1,237",1.0%
（再掲）横　浜　市,その他の神経の病気（神経痛・麻痺等）,21,13,"1,237",1.1%
（再掲）横　浜　市,眼の病気,194,150,"1,237",12.1%
（再掲）横　浜　市,耳の病気,35,24,"1,237",1.9%
（再掲）横　浜　市,高血圧症,463,338,"1,237",27.3%
（再掲）横　浜　市,脳卒中（脳出血、脳梗塞等）,37,31,"1,237",2.5%
（再掲）横　浜　市,狭心症・心筋梗塞,69,59,"1,237",4.8%
（再掲）横　浜　市,その他の循環器系の病気,85,72,"1,237",5.8%
（再掲）横　浜　市,急性鼻咽頭炎（かぜ）,8,-,"1,237",#VALUE!
（再掲）横　浜　市,アレルギー性鼻炎,66,33,"1,237",2.7%
（再掲）横　浜　市,慢性閉塞性肺疾患（COPD）,6,5,"1,237",0.4%
（再掲）横　浜　市,喘息,48,21,"1,237",1.7%
（再掲）横　浜　市,その他の呼吸器系の病気,40,28,"1,237",2.3%
（再掲）横　浜　市,胃・十二指腸の病気,55,43,"1,237",3.5%
（再掲）横　浜　市,肝臓・胆のうの病気,26,17,"1,237",1.4%
（再掲）横　浜　市,その他の消化器系の病気,51,33,"1,237",2.7%
（再掲）横　浜　市,歯の病気,170,97,"1,237",7.8%
（再掲）横　浜　市,アトピー性皮膚炎,39,3,"1,237",0.2%
（再掲）横　浜　市,その他の皮膚の病気,81,38,"1,237",3.1%
（再掲）横　浜　市,痛風,39,27,"1,237",2.2%
（再掲）横　浜　市,関節リウマチ,24,17,"1,237",1.4%
（再掲）横　浜　市,関節症,66,39,"1,237",3.2%
（再掲）横　浜　市,肩こり症,78,38,"1,237",3.1%
（再掲）横　浜　市,腰痛症,175,125,"1,237",10.1%
（再掲）横　浜　市,骨粗しょう症,78,73,"1,237",5.9%
（再掲）横　浜　市,腎臓の病気,43,31,"1,237",2.5%
（再掲）横　浜　市,前立腺肥大症,58,54,"1,237",4.4%
（再掲）横　浜　市,閉経期又は閉経後障害（更年期障害等）,12,2,"1,237",0.2%
（再掲）横　浜　市,骨折,25,18,"1,237",1.5%
（再掲）横　浜　市,骨折以外のけが・やけど,16,7,"1,237",0.6%
（再掲）横　浜　市,貧血・血液の病気,23,11,"1,237",0.9%
（再掲）横　浜　市,悪性新生物（がん）,51,34,"1,237",2.7%
（再掲）横　浜　市,妊娠・産褥（切迫流産、前置胎盤等）,3,-,"1,237",#VALUE!
（再掲）横　浜　市,不妊症,4,-,"1,237",#VALUE!
（再掲）横　浜　市,その他,69,18,"1,237",1.5%
（再掲）横　浜　市,不　明,3,1,"1,237",0.1%
（再掲）横　浜　市,不　　詳,6,2,"1,237",0.2%
（再掲）川　崎　市,（再掲）川　崎　市,,,348,0.0%
（再掲）川　崎　市,通院者数,486,229,348,65.8%
（再掲）川　崎　市,糖尿病,49,31,348,8.9%
（再掲）川　崎　市,肥満症,5,1,348,0.3%
（再掲）川　崎　市,脂質異常症（高コレステロール血症等）,68,40,348,11.5%
（再掲）川　崎　市,甲状腺の病気,17,9,348,2.6%
（再掲）川　崎　市,うつ病やその他のこころの病気,34,6,348,1.7%
（再掲）川　崎　市,認知症,5,5,348,1.4%
（再掲）川　崎　市,パーキンソン病,3,2,348,0.6%
（再掲）川　崎　市,その他の神経の病気（神経痛・麻痺等）,8,3,348,0.9%
（再掲）川　崎　市,眼の病気,66,47,348,13.5%
（再掲）川　崎　市,耳の病気,10,6,348,1.7%
（再掲）川　崎　市,高血圧症,139,94,348,27.0%
（再掲）川　崎　市,脳卒中（脳出血、脳梗塞等）,10,6,348,1.7%
（再掲）川　崎　市,狭心症・心筋梗塞,15,14,348,4.0%
（再掲）川　崎　市,その他の循環器系の病気,24,17,348,4.9%
（再掲）川　崎　市,急性鼻咽頭炎（かぜ）,2,1,348,0.3%
（再掲）川　崎　市,アレルギー性鼻炎,33,9,348,2.6%
（再掲）川　崎　市,慢性閉塞性肺疾患（COPD）,1,1,348,0.3%
（再掲）川　崎　市,喘息,23,9,348,2.6%
（再掲）川　崎　市,その他の呼吸器系の病気,10,6,348,1.7%
（再掲）川　崎　市,胃・十二指腸の病気,12,7,348,2.0%
（再掲）川　崎　市,肝臓・胆のうの病気,9,6,348,1.7%
（再掲）川　崎　市,その他の消化器系の病気,19,11,348,3.2%
（再掲）川　崎　市,歯の病気,66,28,348,8.0%
（再掲）川　崎　市,アトピー性皮膚炎,17,1,348,0.3%
（再掲）川　崎　市,その他の皮膚の病気,28,13,348,3.7%
（再掲）川　崎　市,痛風,12,4,348,1.1%
（再掲）川　崎　市,関節リウマチ,5,4,348,1.1%
（再掲）川　崎　市,関節症,31,21,348,6.0%
（再掲）川　崎　市,肩こり症,26,10,348,2.9%
（再掲）川　崎　市,腰痛症,57,35,348,10.1%
（再掲）川　崎　市,骨粗しょう症,24,21,348,6.0%
（再掲）川　崎　市,腎臓の病気,14,9,348,2.6%
（再掲）川　崎　市,前立腺肥大症,15,12,348,3.4%
（再掲）川　崎　市,閉経期又は閉経後障害（更年期障害等）,2,0,348,0.0%
（再掲）川　崎　市,骨折,12,7,348,2.0%
（再掲）川　崎　市,骨折以外のけが・やけど,10,4,348,1.1%
（再掲）川　崎　市,貧血・血液の病気,5,2,348,0.6%
（再掲）川　崎　市,悪性新生物（がん）,15,8,348,2.3%
（再掲）川　崎　市,妊娠・産褥（切迫流産、前置胎盤等）,1,-,348,#VALUE!
（再掲）川　崎　市,不妊症,1,-,348,#VALUE!
（再掲）川　崎　市,その他,30,6,348,1.7%
（再掲）川　崎　市,不　明,3,1,348,0.3%
（再掲）川　崎　市,不　　詳,2,1,348,0.3%
（再掲）相模原　市,（再掲）相模原　市,,,214,0.0%
（再掲）相模原　市,通院者数,257,144,214,67.3%
（再掲）相模原　市,糖尿病,32,23,214,10.7%
（再掲）相模原　市,肥満症,2,1,214,0.5%
（再掲）相模原　市,脂質異常症（高コレステロール血症等）,38,25,214,11.7%
（再掲）相模原　市,甲状腺の病気,9,4,214,1.9%
（再掲）相模原　市,うつ病やその他のこころの病気,16,3,214,1.4%
（再掲）相模原　市,認知症,3,2,214,0.9%
（再掲）相模原　市,パーキンソン病,1,1,214,0.5%
（再掲）相模原　市,その他の神経の病気（神経痛・麻痺等）,3,1,214,0.5%
（再掲）相模原　市,眼の病気,34,27,214,12.6%
（再掲）相模原　市,耳の病気,6,4,214,1.9%
（再掲）相模原　市,高血圧症,88,67,214,31.3%
（再掲）相模原　市,脳卒中（脳出血、脳梗塞等）,8,7,214,3.3%
（再掲）相模原　市,狭心症・心筋梗塞,10,8,214,3.7%
（再掲）相模原　市,その他の循環器系の病気,12,9,214,4.2%
（再掲）相模原　市,急性鼻咽頭炎（かぜ）,0,-,214,#VALUE!
（再掲）相模原　市,アレルギー性鼻炎,16,7,214,3.3%
（再掲）相模原　市,慢性閉塞性肺疾患（COPD）,1,1,214,0.5%
（再掲）相模原　市,喘息,9,4,214,1.9%
（再掲）相模原　市,その他の呼吸器系の病気,6,4,214,1.9%
（再掲）相模原　市,胃・十二指腸の病気,10,8,214,3.7%
（再掲）相模原　市,肝臓・胆のうの病気,4,3,214,1.4%
（再掲）相模原　市,その他の消化器系の病気,11,6,214,2.8%
（再掲）相模原　市,歯の病気,32,17,214,7.9%
（再掲）相模原　市,アトピー性皮膚炎,10,1,214,0.5%
（再掲）相模原　市,その他の皮膚の病気,11,6,214,2.8%
（再掲）相模原　市,痛風,5,3,214,1.4%
（再掲）相模原　市,関節リウマチ,4,3,214,1.4%
（再掲）相模原　市,関節症,11,7,214,3.3%
（再掲）相模原　市,肩こり症,15,8,214,3.7%
（再掲）相模原　市,腰痛症,28,21,214,9.8%
（再掲）相模原　市,骨粗しょう症,13,12,214,5.6%
（再掲）相模原　市,腎臓の病気,8,6,214,2.8%
（再掲）相模原　市,前立腺肥大症,8,7,214,3.3%
（再掲）相模原　市,閉経期又は閉経後障害（更年期障害等）,1,-,214,#VALUE!
（再掲）相模原　市,骨折,3,3,214,1.4%
（再掲）相模原　市,骨折以外のけが・やけど,4,1,214,0.5%
（再掲）相模原　市,貧血・血液の病気,3,3,214,1.4%
（再掲）相模原　市,悪性新生物（がん）,6,4,214,1.9%
（再掲）相模原　市,妊娠・産褥（切迫流産、前置胎盤等）,0,-,214,#VALUE!
（再掲）相模原　市,不妊症,2,-,214,#VALUE!
（再掲）相模原　市,その他,16,4,214,1.9%
（再掲）相模原　市,不　明,1,1,214,0.5%
（再掲）相模原　市,不　　詳,2,1,214,0.5%
（再掲）新　潟　市,（再掲）新　潟　市,,,260,0.0%
（再掲）新　潟　市,通院者数,343,185,260,71.2%
（再掲）新　潟　市,糖尿病,43,31,260,11.9%
（再掲）新　潟　市,肥満症,3,2,260,0.8%
（再掲）新　潟　市,脂質異常症（高コレステロール血症等）,55,35,260,13.5%
（再掲）新　潟　市,甲状腺の病気,11,5,260,1.9%
（再掲）新　潟　市,うつ病やその他のこころの病気,20,4,260,1.5%
（再掲）新　潟　市,認知症,7,7,260,2.7%
（再掲）新　潟　市,パーキンソン病,2,2,260,0.8%
（再掲）新　潟　市,その他の神経の病気（神経痛・麻痺等）,6,2,260,0.8%
（再掲）新　潟　市,眼の病気,45,35,260,13.5%
（再掲）新　潟　市,耳の病気,10,7,260,2.7%
（再掲）新　潟　市,高血圧症,112,79,260,30.4%
（再掲）新　潟　市,脳卒中（脳出血、脳梗塞等）,11,9,260,3.5%
（再掲）新　潟　市,狭心症・心筋梗塞,12,11,260,4.2%
（再掲）新　潟　市,その他の循環器系の病気,16,13,260,5.0%
（再掲）新　潟　市,急性鼻咽頭炎（かぜ）,2,0,260,0.0%
（再掲）新　潟　市,アレルギー性鼻炎,16,5,260,1.9%
（再掲）新　潟　市,慢性閉塞性肺疾患（COPD）,1,1,260,0.4%
（再掲）新　潟　市,喘息,12,4,260,1.5%
（再掲）新　潟　市,その他の呼吸器系の病気,11,7,260,2.7%
（再掲）新　潟　市,胃・十二指腸の病気,13,9,260,3.5%
（再掲）新　潟　市,肝臓・胆のうの病気,8,6,260,2.3%
（再掲）新　潟　市,その他の消化器系の病気,10,6,260,2.3%
（再掲）新　潟　市,歯の病気,49,27,260,10.4%
（再掲）新　潟　市,アトピー性皮膚炎,10,1,260,0.4%
（再掲）新　潟　市,その他の皮膚の病気,20,8,260,3.1%
（再掲）新　潟　市,痛風,8,4,260,1.5%
（再掲）新　潟　市,関節リウマチ,6,4,260,1.5%
（再掲）新　潟　市,関節症,15,9,260,3.5%
（再掲）新　潟　市,肩こり症,10,5,260,1.9%
（再掲）新　潟　市,腰痛症,30,22,260,8.5%
（再掲）新　潟　市,骨粗しょう症,16,15,260,5.8%
（再掲）新　潟　市,腎臓の病気,8,6,260,2.3%
（再掲）新　潟　市,前立腺肥大症,10,9,260,3.5%
（再掲）新　潟　市,閉経期又は閉経後障害（更年期障害等）,2,0,260,0.0%
（再掲）新　潟　市,骨折,5,3,260,1.2%
（再掲）新　潟　市,骨折以外のけが・やけど,2,1,260,0.4%
（再掲）新　潟　市,貧血・血液の病気,6,3,260,1.2%
（再掲）新　潟　市,悪性新生物（がん）,9,5,260,1.9%
（再掲）新　潟　市,妊娠・産褥（切迫流産、前置胎盤等）,1,-,260,#VALUE!
（再掲）新　潟　市,不妊症,1,-,260,#VALUE!
（再掲）新　潟　市,その他,19,6,260,2.3%
（再掲）新　潟　市,不　明,1,0,260,0.0%
（再掲）新　潟　市,不　　詳,2,1,260,0.4%
（再掲）静　岡　市,（再掲）静　岡　市,,,225,0.0%
（再掲）静　岡　市,通院者数,297,161,225,71.6%
（再掲）静　岡　市,糖尿病,39,27,225,12.0%
（再掲）静　岡　市,肥満症,6,3,225,1.3%
（再掲）静　岡　市,脂質異常症（高コレステロール血症等）,57,35,225,15.6%
（再掲）静　岡　市,甲状腺の病気,11,6,225,2.7%
（再掲）静　岡　市,うつ病やその他のこころの病気,15,4,225,1.8%
（再掲）静　岡　市,認知症,4,4,225,1.8%
（再掲）静　岡　市,パーキンソン病,1,1,225,0.4%
（再掲）静　岡　市,その他の神経の病気（神経痛・麻痺等）,6,2,225,0.9%
（再掲）静　岡　市,眼の病気,38,30,225,13.3%
（再掲）静　岡　市,耳の病気,6,4,225,1.8%
（再掲）静　岡　市,高血圧症,97,72,225,32.0%
（再掲）静　岡　市,脳卒中（脳出血、脳梗塞等）,9,7,225,3.1%
（再掲）静　岡　市,狭心症・心筋梗塞,12,9,225,4.0%
（再掲）静　岡　市,その他の循環器系の病気,13,10,225,4.4%
（再掲）静　岡　市,急性鼻咽頭炎（かぜ）,1,0,225,0.0%
（再掲）静　岡　市,アレルギー性鼻炎,18,7,225,3.1%
（再掲）静　岡　市,慢性閉塞性肺疾患（COPD）,2,1,225,0.4%
（再掲）静　岡　市,喘息,11,4,225,1.8%
（再掲）静　岡　市,その他の呼吸器系の病気,9,6,225,2.7%
（再掲）静　岡　市,胃・十二指腸の病気,10,7,225,3.1%
（再掲）静　岡　市,肝臓・胆のうの病気,5,4,225,1.8%
（再掲）静　岡　市,その他の消化器系の病気,9,6,225,2.7%
（再掲）静　岡　市,歯の病気,35,18,225,8.0%
（再掲）静　岡　市,アトピー性皮膚炎,7,1,225,0.4%
（再掲）静　岡　市,その他の皮膚の病気,13,6,225,2.7%
（再掲）静　岡　市,痛風,11,6,225,2.7%
（再掲）静　岡　市,関節リウマチ,6,4,225,1.8%
（再掲）静　岡　市,関節症,15,10,225,4.4%
（再掲）静　岡　市,肩こり症,15,7,225,3.1%
（再掲）静　岡　市,腰痛症,35,20,225,8.9%
（再掲）静　岡　市,骨粗しょう症,19,17,225,7.6%
（再掲）静　岡　市,腎臓の病気,8,6,225,2.7%
（再掲）静　岡　市,前立腺肥大症,9,9,225,4.0%
（再掲）静　岡　市,閉経期又は閉経後障害（更年期障害等）,2,0,225,0.0%
（再掲）静　岡　市,骨折,6,4,225,1.8%
（再掲）静　岡　市,骨折以外のけが・やけど,4,2,225,0.9%
（再掲）静　岡　市,貧血・血液の病気,4,1,225,0.4%
（再掲）静　岡　市,悪性新生物（がん）,8,6,225,2.7%
（再掲）静　岡　市,妊娠・産褥（切迫流産、前置胎盤等）,0,-,225,#VALUE!
（再掲）静　岡　市,不妊症,1,-,225,#VALUE!
（再掲）静　岡　市,その他,19,6,225,2.7%
（再掲）静　岡　市,不　明,1,0,225,0.0%
（再掲）静　岡　市,不　　詳,2,1,225,0.4%
（再掲）浜　松　市,（再掲）浜　松　市,,,251,0.0%
（再掲）浜　松　市,通院者数,353,184,251,73.3%
（再掲）浜　松　市,糖尿病,45,30,251,12.0%
（再掲）浜　松　市,肥満症,4,2,251,0.8%
（再掲）浜　松　市,脂質異常症（高コレステロール血症等）,54,34,251,13.5%
（再掲）浜　松　市,甲状腺の病気,16,8,251,3.2%
（再掲）浜　松　市,うつ病やその他のこころの病気,19,4,251,1.6%
（再掲）浜　松　市,認知症,9,9,251,3.6%
（再掲）浜　松　市,パーキンソン病,2,2,251,0.8%
（再掲）浜　松　市,その他の神経の病気（神経痛・麻痺等）,4,2,251,0.8%
（再掲）浜　松　市,眼の病気,55,40,251,15.9%
（再掲）浜　松　市,耳の病気,8,5,251,2.0%
（再掲）浜　松　市,高血圧症,110,79,251,31.5%
（再掲）浜　松　市,脳卒中（脳出血、脳梗塞等）,8,7,251,2.8%
（再掲）浜　松　市,狭心症・心筋梗塞,13,10,251,4.0%
（再掲）浜　松　市,その他の循環器系の病気,18,14,251,5.6%
（再掲）浜　松　市,急性鼻咽頭炎（かぜ）,1,0,251,0.0%
（再掲）浜　松　市,アレルギー性鼻炎,23,6,251,2.4%
（再掲）浜　松　市,慢性閉塞性肺疾患（COPD）,1,1,251,0.4%
（再掲）浜　松　市,喘息,14,4,251,1.6%
（再掲）浜　松　市,その他の呼吸器系の病気,11,7,251,2.8%
（再掲）浜　松　市,胃・十二指腸の病気,12,7,251,2.8%
（再掲）浜　松　市,肝臓・胆のうの病気,5,3,251,1.2%
（再掲）浜　松　市,その他の消化器系の病気,11,6,251,2.4%
（再掲）浜　松　市,歯の病気,47,24,251,9.6%
（再掲）浜　松　市,アトピー性皮膚炎,9,1,251,0.4%
（再掲）浜　松　市,その他の皮膚の病気,17,8,251,3.2%
（再掲）浜　松　市,痛風,9,4,251,1.6%
（再掲）浜　松　市,関節リウマチ,5,3,251,1.2%
（再掲）浜　松　市,関節症,16,12,251,4.8%
（再掲）浜　松　市,肩こり症,21,11,251,4.4%
（再掲）浜　松　市,腰痛症,42,28,251,11.2%
（再掲）浜　松　市,骨粗しょう症,20,18,251,7.2%
（再掲）浜　松　市,腎臓の病気,10,7,251,2.8%
（再掲）浜　松　市,前立腺肥大症,11,10,251,4.0%
（再掲）浜　松　市,閉経期又は閉経後障害（更年期障害等）,2,0,251,0.0%
（再掲）浜　松　市,骨折,6,4,251,1.6%
（再掲）浜　松　市,骨折以外のけが・やけど,5,1,251,0.4%
（再掲）浜　松　市,貧血・血液の病気,7,4,251,1.6%
（再掲）浜　松　市,悪性新生物（がん）,9,7,251,2.8%
（再掲）浜　松　市,妊娠・産褥（切迫流産、前置胎盤等）,1,-,251,#VALUE!
（再掲）浜　松　市,不妊症,1,-,251,#VALUE!
（再掲）浜　松　市,その他,24,6,251,2.4%
（再掲）浜　松　市,不　明,1,0,251,0.0%
（再掲）浜　松　市,不　　詳,1,1,251,0.4%
（再掲）名古屋　市,（再掲）名古屋　市,,,732,0.0%
（再掲）名古屋　市,通院者数,894,487,732,66.5%
（再掲）名古屋　市,糖尿病,114,84,732,11.5%
（再掲）名古屋　市,肥満症,12,7,732,1.0%
（再掲）名古屋　市,脂質異常症（高コレステロール血症等）,135,91,732,12.4%
（再掲）名古屋　市,甲状腺の病気,27,16,732,2.2%
（再掲）名古屋　市,うつ病やその他のこころの病気,56,13,732,1.8%
（再掲）名古屋　市,認知症,9,9,732,1.2%
（再掲）名古屋　市,パーキンソン病,6,6,732,0.8%
（再掲）名古屋　市,その他の神経の病気（神経痛・麻痺等）,17,7,732,1.0%
（再掲）名古屋　市,眼の病気,146,105,732,14.3%
（再掲）名古屋　市,耳の病気,35,25,732,3.4%
（再掲）名古屋　市,高血圧症,277,194,732,26.5%
（再掲）名古屋　市,脳卒中（脳出血、脳梗塞等）,21,19,732,2.6%
（再掲）名古屋　市,狭心症・心筋梗塞,41,31,732,4.2%
（再掲）名古屋　市,その他の循環器系の病気,41,31,732,4.2%
（再掲）名古屋　市,急性鼻咽頭炎（かぜ）,5,1,732,0.1%
（再掲）名古屋　市,アレルギー性鼻炎,61,28,732,3.8%
（再掲）名古屋　市,慢性閉塞性肺疾患（COPD）,5,4,732,0.5%
（再掲）名古屋　市,喘息,24,8,732,1.1%
（再掲）名古屋　市,その他の呼吸器系の病気,25,19,732,2.6%
（再掲）名古屋　市,胃・十二指腸の病気,28,18,732,2.5%
（再掲）名古屋　市,肝臓・胆のうの病気,21,15,732,2.0%
（再掲）名古屋　市,その他の消化器系の病気,36,22,732,3.0%
（再掲）名古屋　市,歯の病気,126,76,732,10.4%
（再掲）名古屋　市,アトピー性皮膚炎,36,4,732,0.5%
（再掲）名古屋　市,その他の皮膚の病気,54,27,732,3.7%
（再掲）名古屋　市,痛風,23,8,732,1.1%
（再掲）名古屋　市,関節リウマチ,15,10,732,1.4%
（再掲）名古屋　市,関節症,50,33,732,4.5%
（再掲）名古屋　市,肩こり症,47,21,732,2.9%
（再掲）名古屋　市,腰痛症,105,70,732,9.6%
（再掲）名古屋　市,骨粗しょう症,43,39,732,5.3%
（再掲）名古屋　市,腎臓の病気,18,10,732,1.4%
（再掲）名古屋　市,前立腺肥大症,27,24,732,3.3%
（再掲）名古屋　市,閉経期又は閉経後障害（更年期障害等）,7,1,732,0.1%
（再掲）名古屋　市,骨折,17,13,732,1.8%
（再掲）名古屋　市,骨折以外のけが・やけど,19,10,732,1.4%
（再掲）名古屋　市,貧血・血液の病気,15,7,732,1.0%
（再掲）名古屋　市,悪性新生物（がん）,26,18,732,2.5%
（再掲）名古屋　市,妊娠・産褥（切迫流産、前置胎盤等）,2,-,732,#VALUE!
（再掲）名古屋　市,不妊症,2,-,732,#VALUE!
（再掲）名古屋　市,その他,61,19,732,2.6%
（再掲）名古屋　市,不　明,3,2,732,0.3%
（再掲）名古屋　市,不　　詳,5,4,732,0.5%
（再掲）京　都　市,（再掲）京　都　市,,,467,0.0%
（再掲）京　都　市,通院者数,609,322,467,69.0%
（再掲）京　都　市,糖尿病,68,53,467,11.3%
（再掲）京　都　市,肥満症,6,4,467,0.9%
（再掲）京　都　市,脂質異常症（高コレステロール血症等）,80,50,467,10.7%
（再掲）京　都　市,甲状腺の病気,27,17,467,3.6%
（再掲）京　都　市,うつ病やその他のこころの病気,41,6,467,1.3%
（再掲）京　都　市,認知症,11,10,467,2.1%
（再掲）京　都　市,パーキンソン病,4,4,467,0.9%
（再掲）京　都　市,その他の神経の病気（神経痛・麻痺等）,10,6,467,1.3%
（再掲）京　都　市,眼の病気,80,59,467,12.6%
（再掲）京　都　市,耳の病気,21,14,467,3.0%
（再掲）京　都　市,高血圧症,181,136,467,29.1%
（再掲）京　都　市,脳卒中（脳出血、脳梗塞等）,14,11,467,2.4%
（再掲）京　都　市,狭心症・心筋梗塞,20,18,467,3.9%
（再掲）京　都　市,その他の循環器系の病気,31,22,467,4.7%
（再掲）京　都　市,急性鼻咽頭炎（かぜ）,2,1,467,0.2%
（再掲）京　都　市,アレルギー性鼻炎,41,14,467,3.0%
（再掲）京　都　市,慢性閉塞性肺疾患（COPD）,3,2,467,0.4%
（再掲）京　都　市,喘息,29,10,467,2.1%
（再掲）京　都　市,その他の呼吸器系の病気,21,16,467,3.4%
（再掲）京　都　市,胃・十二指腸の病気,18,11,467,2.4%
（再掲）京　都　市,肝臓・胆のうの病気,12,7,467,1.5%
（再掲）京　都　市,その他の消化器系の病気,29,22,467,4.7%
（再掲）京　都　市,歯の病気,82,45,467,9.6%
（再掲）京　都　市,アトピー性皮膚炎,21,2,467,0.4%
（再掲）京　都　市,その他の皮膚の病気,34,16,467,3.4%
（再掲）京　都　市,痛風,13,8,467,1.7%
（再掲）京　都　市,関節リウマチ,10,8,467,1.7%
（再掲）京　都　市,関節症,37,24,467,5.1%
（再掲）京　都　市,肩こり症,49,23,467,4.9%
（再掲）京　都　市,腰痛症,82,51,467,10.9%
（再掲）京　都　市,骨粗しょう症,34,31,467,6.6%
（再掲）京　都　市,腎臓の病気,18,14,467,3.0%
（再掲）京　都　市,前立腺肥大症,21,20,467,4.3%
（再掲）京　都　市,閉経期又は閉経後障害（更年期障害等）,4,-,467,#VALUE!
（再掲）京　都　市,骨折,8,6,467,1.3%
（再掲）京　都　市,骨折以外のけが・やけど,9,3,467,0.6%
（再掲）京　都　市,貧血・血液の病気,10,4,467,0.9%
（再掲）京　都　市,悪性新生物（がん）,13,9,467,1.9%
（再掲）京　都　市,妊娠・産褥（切迫流産、前置胎盤等）,1,-,467,#VALUE!
（再掲）京　都　市,不妊症,4,-,467,#VALUE!
（再掲）京　都　市,その他,44,12,467,2.6%
（再掲）京　都　市,不　明,2,0,467,0.0%
（再掲）京　都　市,不　　詳,6,4,467,0.9%
（再掲）大　阪　市,（再掲）大　阪　市,,,849,0.0%
（再掲）大　阪　市,通院者数,1079,612,849,72.1%
（再掲）大　阪　市,糖尿病,122,99,849,11.7%
（再掲）大　阪　市,肥満症,21,15,849,1.8%
（再掲）大　阪　市,脂質異常症（高コレステロール血症等）,151,103,849,12.1%
（再掲）大　阪　市,甲状腺の病気,39,25,849,2.9%
（再掲）大　阪　市,うつ病やその他のこころの病気,63,18,849,2.1%
（再掲）大　阪　市,認知症,12,12,849,1.4%
（再掲）大　阪　市,パーキンソン病,7,5,849,0.6%
（再掲）大　阪　市,その他の神経の病気（神経痛・麻痺等）,25,14,849,1.6%
（再掲）大　阪　市,眼の病気,146,108,849,12.7%
（再掲）大　阪　市,耳の病気,36,31,849,3.7%
（再掲）大　阪　市,高血圧症,335,254,849,29.9%
（再掲）大　阪　市,脳卒中（脳出血、脳梗塞等）,22,15,849,1.8%
（再掲）大　阪　市,狭心症・心筋梗塞,42,36,849,4.2%
（再掲）大　阪　市,その他の循環器系の病気,46,35,849,4.1%
（再掲）大　阪　市,急性鼻咽頭炎（かぜ）,2,1,849,0.1%
（再掲）大　阪　市,アレルギー性鼻炎,58,27,849,3.2%
（再掲）大　阪　市,慢性閉塞性肺疾患（COPD）,7,7,849,0.8%
（再掲）大　阪　市,喘息,35,14,849,1.6%
（再掲）大　阪　市,その他の呼吸器系の病気,30,20,849,2.4%
（再掲）大　阪　市,胃・十二指腸の病気,45,36,849,4.2%
（再掲）大　阪　市,肝臓・胆のうの病気,26,17,849,2.0%
（再掲）大　阪　市,その他の消化器系の病気,51,30,849,3.5%
（再掲）大　阪　市,歯の病気,154,88,849,10.4%
（再掲）大　阪　市,アトピー性皮膚炎,34,5,849,0.6%
（再掲）大　阪　市,その他の皮膚の病気,46,25,849,2.9%
（再掲）大　阪　市,痛風,25,13,849,1.5%
（再掲）大　阪　市,関節リウマチ,18,12,849,1.4%
（再掲）大　阪　市,関節症,66,45,849,5.3%
（再掲）大　阪　市,肩こり症,108,65,849,7.7%
（再掲）大　阪　市,腰痛症,159,108,849,12.7%
（再掲）大　阪　市,骨粗しょう症,61,55,849,6.5%
（再掲）大　阪　市,腎臓の病気,45,29,849,3.4%
（再掲）大　阪　市,前立腺肥大症,39,37,849,4.4%
（再掲）大　阪　市,閉経期又は閉経後障害（更年期障害等）,9,1,849,0.1%
（再掲）大　阪　市,骨折,21,16,849,1.9%
（再掲）大　阪　市,骨折以外のけが・やけど,15,2,849,0.2%
（再掲）大　阪　市,貧血・血液の病気,23,15,849,1.8%
（再掲）大　阪　市,悪性新生物（がん）,36,22,849,2.6%
（再掲）大　阪　市,妊娠・産褥（切迫流産、前置胎盤等）,-,-,849,#VALUE!
（再掲）大　阪　市,不妊症,2,-,849,#VALUE!
（再掲）大　阪　市,その他,79,34,849,4.0%
（再掲）大　阪　市,不　明,2,2,849,0.2%
（再掲）大　阪　市,不　　詳,9,7,849,0.8%
（再掲）堺　　　市,（再掲）堺　　　市,,,287,0.0%
（再掲）堺　　　市,通院者数,355,211,287,73.5%
（再掲）堺　　　市,糖尿病,45,36,287,12.5%
（再掲）堺　　　市,肥満症,4,2,287,0.7%
（再掲）堺　　　市,脂質異常症（高コレステロール血症等）,52,36,287,12.5%
（再掲）堺　　　市,甲状腺の病気,14,8,287,2.8%
（再掲）堺　　　市,うつ病やその他のこころの病気,18,4,287,1.4%
（再掲）堺　　　市,認知症,6,5,287,1.7%
（再掲）堺　　　市,パーキンソン病,1,1,287,0.3%
（再掲）堺　　　市,その他の神経の病気（神経痛・麻痺等）,6,3,287,1.0%
（再掲）堺　　　市,眼の病気,53,44,287,15.3%
（再掲）堺　　　市,耳の病気,9,7,287,2.4%
（再掲）堺　　　市,高血圧症,116,92,287,32.1%
（再掲）堺　　　市,脳卒中（脳出血、脳梗塞等）,9,7,287,2.4%
（再掲）堺　　　市,狭心症・心筋梗塞,20,16,287,5.6%
（再掲）堺　　　市,その他の循環器系の病気,17,14,287,4.9%
（再掲）堺　　　市,急性鼻咽頭炎（かぜ）,1,0,287,0.0%
（再掲）堺　　　市,アレルギー性鼻炎,23,11,287,3.8%
（再掲）堺　　　市,慢性閉塞性肺疾患（COPD）,1,1,287,0.3%
（再掲）堺　　　市,喘息,11,6,287,2.1%
（再掲）堺　　　市,その他の呼吸器系の病気,9,7,287,2.4%
（再掲）堺　　　市,胃・十二指腸の病気,15,9,287,3.1%
（再掲）堺　　　市,肝臓・胆のうの病気,7,4,287,1.4%
（再掲）堺　　　市,その他の消化器系の病気,12,8,287,2.8%
（再掲）堺　　　市,歯の病気,53,32,287,11.1%
（再掲）堺　　　市,アトピー性皮膚炎,12,2,287,0.7%
（再掲）堺　　　市,その他の皮膚の病気,19,9,287,3.1%
（再掲）堺　　　市,痛風,6,3,287,1.0%
（再掲）堺　　　市,関節リウマチ,6,4,287,1.4%
（再掲）堺　　　市,関節症,21,15,287,5.2%
（再掲）堺　　　市,肩こり症,27,18,287,6.3%
（再掲）堺　　　市,腰痛症,50,37,287,12.9%
（再掲）堺　　　市,骨粗しょう症,17,16,287,5.6%
（再掲）堺　　　市,腎臓の病気,10,7,287,2.4%
（再掲）堺　　　市,前立腺肥大症,14,14,287,4.9%
（再掲）堺　　　市,閉経期又は閉経後障害（更年期障害等）,1,0,287,0.0%
（再掲）堺　　　市,骨折,7,6,287,2.1%
（再掲）堺　　　市,骨折以外のけが・やけど,5,3,287,1.0%
（再掲）堺　　　市,貧血・血液の病気,5,3,287,1.0%
（再掲）堺　　　市,悪性新生物（がん）,10,6,287,2.1%
（再掲）堺　　　市,妊娠・産褥（切迫流産、前置胎盤等）,0,-,287,#VALUE!
（再掲）堺　　　市,不妊症,0,-,287,#VALUE!
（再掲）堺　　　市,その他,23,6,287,2.1%
（再掲）堺　　　市,不　明,1,0,287,0.0%
（再掲）堺　　　市,不　　詳,3,2,287,0.7%
（再掲）神　戸　市,（再掲）神　戸　市,,,520,0.0%
（再掲）神　戸　市,通院者数,659,359,520,69.0%
（再掲）神　戸　市,糖尿病,96,70,520,13.5%
（再掲）神　戸　市,肥満症,7,4,520,0.8%
（再掲）神　戸　市,脂質異常症（高コレステロール血症等）,100,64,520,12.3%
（再掲）神　戸　市,甲状腺の病気,27,13,520,2.5%
（再掲）神　戸　市,うつ病やその他のこころの病気,31,7,520,1.3%
（再掲）神　戸　市,認知症,9,8,520,1.5%
（再掲）神　戸　市,パーキンソン病,3,2,520,0.4%
（再掲）神　戸　市,その他の神経の病気（神経痛・麻痺等）,11,4,520,0.8%
（再掲）神　戸　市,眼の病気,105,78,520,15.0%
（再掲）神　戸　市,耳の病気,19,15,520,2.9%
（再掲）神　戸　市,高血圧症,194,139,520,26.7%
（再掲）神　戸　市,脳卒中（脳出血、脳梗塞等）,17,14,520,2.7%
（再掲）神　戸　市,狭心症・心筋梗塞,27,22,520,4.2%
（再掲）神　戸　市,その他の循環器系の病気,40,31,520,6.0%
（再掲）神　戸　市,急性鼻咽頭炎（かぜ）,3,0,520,0.0%
（再掲）神　戸　市,アレルギー性鼻炎,36,14,520,2.7%
（再掲）神　戸　市,慢性閉塞性肺疾患（COPD）,3,2,520,0.4%
（再掲）神　戸　市,喘息,30,13,520,2.5%
（再掲）神　戸　市,その他の呼吸器系の病気,18,12,520,2.3%
（再掲）神　戸　市,胃・十二指腸の病気,22,14,520,2.7%
（再掲）神　戸　市,肝臓・胆のうの病気,14,9,520,1.7%
（再掲）神　戸　市,その他の消化器系の病気,24,16,520,3.1%
（再掲）神　戸　市,歯の病気,77,44,520,8.5%
（再掲）神　戸　市,アトピー性皮膚炎,21,3,520,0.6%
（再掲）神　戸　市,その他の皮膚の病気,37,18,520,3.5%
（再掲）神　戸　市,痛風,20,12,520,2.3%
（再掲）神　戸　市,関節リウマチ,13,9,520,1.7%
（再掲）神　戸　市,関節症,33,23,520,4.4%
（再掲）神　戸　市,肩こり症,38,22,520,4.2%
（再掲）神　戸　市,腰痛症,72,47,520,9.0%
（再掲）神　戸　市,骨粗しょう症,27,24,520,4.6%
（再掲）神　戸　市,腎臓の病気,22,17,520,3.3%
（再掲）神　戸　市,前立腺肥大症,26,22,520,4.2%
（再掲）神　戸　市,閉経期又は閉経後障害（更年期障害等）,5,1,520,0.2%
（再掲）神　戸　市,骨折,14,9,520,1.7%
（再掲）神　戸　市,骨折以外のけが・やけど,11,4,520,0.8%
（再掲）神　戸　市,貧血・血液の病気,8,4,520,0.8%
（再掲）神　戸　市,悪性新生物（がん）,18,11,520,2.1%
（再掲）神　戸　市,妊娠・産褥（切迫流産、前置胎盤等）,2,-,520,#VALUE!
（再掲）神　戸　市,不妊症,1,-,520,#VALUE!
（再掲）神　戸　市,その他,38,12,520,2.3%
（再掲）神　戸　市,不　明,2,0,520,0.0%
（再掲）神　戸　市,不　　詳,3,2,520,0.4%
（再掲）岡　山　市,（再掲）岡　山　市,,,215,0.0%
（再掲）岡　山　市,通院者数,303,160,215,74.4%
（再掲）岡　山　市,糖尿病,36,25,215,11.6%
（再掲）岡　山　市,肥満症,4,2,215,0.9%
（再掲）岡　山　市,脂質異常症（高コレステロール血症等）,47,29,215,13.5%
（再掲）岡　山　市,甲状腺の病気,9,5,215,2.3%
（再掲）岡　山　市,うつ病やその他のこころの病気,17,5,215,2.3%
（再掲）岡　山　市,認知症,8,8,215,3.7%
（再掲）岡　山　市,パーキンソン病,2,2,215,0.9%
（再掲）岡　山　市,その他の神経の病気（神経痛・麻痺等）,5,2,215,0.9%
（再掲）岡　山　市,眼の病気,46,37,215,17.2%
（再掲）岡　山　市,耳の病気,7,5,215,2.3%
（再掲）岡　山　市,高血圧症,95,71,215,33.0%
（再掲）岡　山　市,脳卒中（脳出血、脳梗塞等）,7,6,215,2.8%
（再掲）岡　山　市,狭心症・心筋梗塞,10,8,215,3.7%
（再掲）岡　山　市,その他の循環器系の病気,13,9,215,4.2%
（再掲）岡　山　市,急性鼻咽頭炎（かぜ）,1,0,215,0.0%
（再掲）岡　山　市,アレルギー性鼻炎,16,8,215,3.7%
（再掲）岡　山　市,慢性閉塞性肺疾患（COPD）,1,1,215,0.5%
（再掲）岡　山　市,喘息,7,3,215,1.4%
（再掲）岡　山　市,その他の呼吸器系の病気,8,6,215,2.8%
（再掲）岡　山　市,胃・十二指腸の病気,11,7,215,3.3%
（再掲）岡　山　市,肝臓・胆のうの病気,6,4,215,1.9%
（再掲）岡　山　市,その他の消化器系の病気,9,5,215,2.3%
（再掲）岡　山　市,歯の病気,49,26,215,12.1%
（再掲）岡　山　市,アトピー性皮膚炎,11,2,215,0.9%
（再掲）岡　山　市,その他の皮膚の病気,15,7,215,3.3%
（再掲）岡　山　市,痛風,7,3,215,1.4%
（再掲）岡　山　市,関節リウマチ,6,4,215,1.9%
（再掲）岡　山　市,関節症,12,8,215,3.7%
（再掲）岡　山　市,肩こり症,18,9,215,4.2%
（再掲）岡　山　市,腰痛症,31,22,215,10.2%
（再掲）岡　山　市,骨粗しょう症,16,15,215,7.0%
（再掲）岡　山　市,腎臓の病気,7,5,215,2.3%
（再掲）岡　山　市,前立腺肥大症,10,9,215,4.2%
（再掲）岡　山　市,閉経期又は閉経後障害（更年期障害等）,2,-,215,#VALUE!
（再掲）岡　山　市,骨折,5,4,215,1.9%
（再掲）岡　山　市,骨折以外のけが・やけど,5,2,215,0.9%
（再掲）岡　山　市,貧血・血液の病気,4,3,215,1.4%
（再掲）岡　山　市,悪性新生物（がん）,8,5,215,2.3%
（再掲）岡　山　市,妊娠・産褥（切迫流産、前置胎盤等）,1,-,215,#VALUE!
（再掲）岡　山　市,不妊症,1,-,215,#VALUE!
（再掲）岡　山　市,その他,22,8,215,3.7%
（再掲）岡　山　市,不　明,0,0,215,0.0%
（再掲）岡　山　市,不　　詳,3,2,215,0.9%
（再掲）広　島　市,（再掲）広　島　市,,,360,0.0%
（再掲）広　島　市,通院者数,465,253,360,70.3%
（再掲）広　島　市,糖尿病,65,46,360,12.8%
（再掲）広　島　市,肥満症,8,3,360,0.8%
（再掲）広　島　市,脂質異常症（高コレステロール血症等）,68,44,360,12.2%
（再掲）広　島　市,甲状腺の病気,23,13,360,3.6%
（再掲）広　島　市,うつ病やその他のこころの病気,24,6,360,1.7%
（再掲）広　島　市,認知症,6,5,360,1.4%
（再掲）広　島　市,パーキンソン病,3,3,360,0.8%
（再掲）広　島　市,その他の神経の病気（神経痛・麻痺等）,7,3,360,0.8%
（再掲）広　島　市,眼の病気,79,62,360,17.2%
（再掲）広　島　市,耳の病気,12,9,360,2.5%
（再掲）広　島　市,高血圧症,143,103,360,28.6%
（再掲）広　島　市,脳卒中（脳出血、脳梗塞等）,13,10,360,2.8%
（再掲）広　島　市,狭心症・心筋梗塞,21,17,360,4.7%
（再掲）広　島　市,その他の循環器系の病気,28,23,360,6.4%
（再掲）広　島　市,急性鼻咽頭炎（かぜ）,2,1,360,0.3%
（再掲）広　島　市,アレルギー性鼻炎,30,14,360,3.9%
（再掲）広　島　市,慢性閉塞性肺疾患（COPD）,2,2,360,0.6%
（再掲）広　島　市,喘息,17,7,360,1.9%
（再掲）広　島　市,その他の呼吸器系の病気,12,8,360,2.2%
（再掲）広　島　市,胃・十二指腸の病気,16,10,360,2.8%
（再掲）広　島　市,肝臓・胆のうの病気,14,9,360,2.5%
（再掲）広　島　市,その他の消化器系の病気,14,7,360,1.9%
（再掲）広　島　市,歯の病気,60,31,360,8.6%
（再掲）広　島　市,アトピー性皮膚炎,14,3,360,0.8%
（再掲）広　島　市,その他の皮膚の病気,26,11,360,3.1%
（再掲）広　島　市,痛風,11,8,360,2.2%
（再掲）広　島　市,関節リウマチ,10,6,360,1.7%
（再掲）広　島　市,関節症,21,15,360,4.2%
（再掲）広　島　市,肩こり症,35,20,360,5.6%
（再掲）広　島　市,腰痛症,63,45,360,12.5%
（再掲）広　島　市,骨粗しょう症,24,21,360,5.8%
（再掲）広　島　市,腎臓の病気,13,9,360,2.5%
（再掲）広　島　市,前立腺肥大症,17,15,360,4.2%
（再掲）広　島　市,閉経期又は閉経後障害（更年期障害等）,2,-,360,#VALUE!
（再掲）広　島　市,骨折,10,8,360,2.2%
（再掲）広　島　市,骨折以外のけが・やけど,5,2,360,0.6%
（再掲）広　島　市,貧血・血液の病気,6,3,360,0.8%
（再掲）広　島　市,悪性新生物（がん）,15,10,360,2.8%
（再掲）広　島　市,妊娠・産褥（切迫流産、前置胎盤等）,1,-,360,#VALUE!
（再掲）広　島　市,不妊症,1,-,360,#VALUE!
（再掲）広　島　市,その他,28,9,360,2.5%
（再掲）広　島　市,不　明,2,1,360,0.3%
（再掲）広　島　市,不　　詳,3,1,360,0.3%
（再掲）北九州　市,（再掲）北九州　市,,,304,0.0%
（再掲）北九州　市,通院者数,399,215,304,70.7%
（再掲）北九州　市,糖尿病,61,45,304,14.8%
（再掲）北九州　市,肥満症,5,2,304,0.7%
（再掲）北九州　市,脂質異常症（高コレステロール血症等）,53,33,304,10.9%
（再掲）北九州　市,甲状腺の病気,11,5,304,1.6%
（再掲）北九州　市,うつ病やその他のこころの病気,21,4,304,1.3%
（再掲）北九州　市,認知症,5,5,304,1.6%
（再掲）北九州　市,パーキンソン病,1,1,304,0.3%
（再掲）北九州　市,その他の神経の病気（神経痛・麻痺等）,5,3,304,1.0%
（再掲）北九州　市,眼の病気,44,35,304,11.5%
（再掲）北九州　市,耳の病気,9,7,304,2.3%
（再掲）北九州　市,高血圧症,131,97,304,31.9%
（再掲）北九州　市,脳卒中（脳出血、脳梗塞等）,10,9,304,3.0%
（再掲）北九州　市,狭心症・心筋梗塞,21,17,304,5.6%
（再掲）北九州　市,その他の循環器系の病気,18,15,304,4.9%
（再掲）北九州　市,急性鼻咽頭炎（かぜ）,2,1,304,0.3%
（再掲）北九州　市,アレルギー性鼻炎,19,7,304,2.3%
（再掲）北九州　市,慢性閉塞性肺疾患（COPD）,2,2,304,0.7%
（再掲）北九州　市,喘息,14,5,304,1.6%
（再掲）北九州　市,その他の呼吸器系の病気,10,7,304,2.3%
（再掲）北九州　市,胃・十二指腸の病気,14,10,304,3.3%
（再掲）北九州　市,肝臓・胆のうの病気,7,5,304,1.6%
（再掲）北九州　市,その他の消化器系の病気,11,7,304,2.3%
（再掲）北九州　市,歯の病気,65,32,304,10.5%
（再掲）北九州　市,アトピー性皮膚炎,7,1,304,0.3%
（再掲）北九州　市,その他の皮膚の病気,19,10,304,3.3%
（再掲）北九州　市,痛風,10,5,304,1.6%
（再掲）北九州　市,関節リウマチ,8,5,304,1.6%
（再掲）北九州　市,関節症,17,11,304,3.6%
（再掲）北九州　市,肩こり症,25,13,304,4.3%
（再掲）北九州　市,腰痛症,50,34,304,11.2%
（再掲）北九州　市,骨粗しょう症,23,22,304,7.2%
（再掲）北九州　市,腎臓の病気,12,10,304,3.3%
（再掲）北九州　市,前立腺肥大症,12,12,304,3.9%
（再掲）北九州　市,閉経期又は閉経後障害（更年期障害等）,4,0,304,0.0%
（再掲）北九州　市,骨折,8,6,304,2.0%
（再掲）北九州　市,骨折以外のけが・やけど,6,2,304,0.7%
（再掲）北九州　市,貧血・血液の病気,6,3,304,1.0%
（再掲）北九州　市,悪性新生物（がん）,13,7,304,2.3%
（再掲）北九州　市,妊娠・産褥（切迫流産、前置胎盤等）,1,-,304,#VALUE!
（再掲）北九州　市,不妊症,2,-,304,#VALUE!
（再掲）北九州　市,その他,26,8,304,2.6%
（再掲）北九州　市,不　明,1,0,304,0.0%
（再掲）北九州　市,不　　詳,2,1,304,0.3%
（再掲）福　岡　市,（再掲）福　岡　市,,,382,0.0%
（再掲）福　岡　市,通院者数,618,262,382,68.6%
（再掲）福　岡　市,糖尿病,67,40,382,10.5%
（再掲）福　岡　市,肥満症,8,6,382,1.6%
（再掲）福　岡　市,脂質異常症（高コレステロール血症等）,81,47,382,12.3%
（再掲）福　岡　市,甲状腺の病気,37,11,382,2.9%
（再掲）福　岡　市,うつ病やその他のこころの病気,43,9,382,2.4%
（再掲）福　岡　市,認知症,7,6,382,1.6%
（再掲）福　岡　市,パーキンソン病,4,3,382,0.8%
（再掲）福　岡　市,その他の神経の病気（神経痛・麻痺等）,11,5,382,1.3%
（再掲）福　岡　市,眼の病気,67,41,382,10.7%
（再掲）福　岡　市,耳の病気,16,7,382,1.8%
（再掲）福　岡　市,高血圧症,174,120,382,31.4%
（再掲）福　岡　市,脳卒中（脳出血、脳梗塞等）,13,7,382,1.8%
（再掲）福　岡　市,狭心症・心筋梗塞,21,13,382,3.4%
（再掲）福　岡　市,その他の循環器系の病気,22,15,382,3.9%
（再掲）福　岡　市,急性鼻咽頭炎（かぜ）,3,2,382,0.5%
（再掲）福　岡　市,アレルギー性鼻炎,30,9,382,2.4%
（再掲）福　岡　市,慢性閉塞性肺疾患（COPD）,2,2,382,0.5%
（再掲）福　岡　市,喘息,22,5,382,1.3%
（再掲）福　岡　市,その他の呼吸器系の病気,12,6,382,1.6%
（再掲）福　岡　市,胃・十二指腸の病気,16,10,382,2.6%
（再掲）福　岡　市,肝臓・胆のうの病気,11,6,382,1.6%
（再掲）福　岡　市,その他の消化器系の病気,18,7,382,1.8%
（再掲）福　岡　市,歯の病気,84,33,382,8.6%
（再掲）福　岡　市,アトピー性皮膚炎,18,1,382,0.3%
（再掲）福　岡　市,その他の皮膚の病気,29,11,382,2.9%
（再掲）福　岡　市,痛風,12,5,382,1.3%
（再掲）福　岡　市,関節リウマチ,12,5,382,1.3%
（再掲）福　岡　市,関節症,21,11,382,2.9%
（再掲）福　岡　市,肩こり症,34,13,382,3.4%
（再掲）福　岡　市,腰痛症,69,36,382,9.4%
（再掲）福　岡　市,骨粗しょう症,28,25,382,6.5%
（再掲）福　岡　市,腎臓の病気,15,6,382,1.6%
（再掲）福　岡　市,前立腺肥大症,15,11,382,2.9%
（再掲）福　岡　市,閉経期又は閉経後障害（更年期障害等）,6,-,382,#VALUE!
（再掲）福　岡　市,骨折,14,6,382,1.6%
（再掲）福　岡　市,骨折以外のけが・やけど,9,3,382,0.8%
（再掲）福　岡　市,貧血・血液の病気,14,5,382,1.3%
（再掲）福　岡　市,悪性新生物（がん）,14,8,382,2.1%
（再掲）福　岡　市,妊娠・産褥（切迫流産、前置胎盤等）,3,-,382,#VALUE!
（再掲）福　岡　市,不妊症,5,-,382,#VALUE!
（再掲）福　岡　市,その他,46,9,382,2.4%
（再掲）福　岡　市,不　明,3,1,382,0.3%
（再掲）福　岡　市,不　　詳,3,2,382,0.5%
（再掲）熊　本　市,（再掲）熊　本　市,,,229,0.0%
（再掲）熊　本　市,通院者数,315,167,229,72.9%
（再掲）熊　本　市,糖尿病,45,32,229,14.0%
（再掲）熊　本　市,肥満症,3,2,229,0.9%
（再掲）熊　本　市,脂質異常症（高コレステロール血症等）,48,30,229,13.1%
（再掲）熊　本　市,甲状腺の病気,13,6,229,2.6%
（再掲）熊　本　市,うつ病やその他のこころの病気,18,5,229,2.2%
（再掲）熊　本　市,認知症,4,4,229,1.7%
（再掲）熊　本　市,パーキンソン病,1,1,229,0.4%
（再掲）熊　本　市,その他の神経の病気（神経痛・麻痺等）,5,2,229,0.9%
（再掲）熊　本　市,眼の病気,42,32,229,14.0%
（再掲）熊　本　市,耳の病気,6,4,229,1.7%
（再掲）熊　本　市,高血圧症,106,73,229,31.9%
（再掲）熊　本　市,脳卒中（脳出血、脳梗塞等）,6,5,229,2.2%
（再掲）熊　本　市,狭心症・心筋梗塞,12,10,229,4.4%
（再掲）熊　本　市,その他の循環器系の病気,14,11,229,4.8%
（再掲）熊　本　市,急性鼻咽頭炎（かぜ）,2,0,229,0.0%
（再掲）熊　本　市,アレルギー性鼻炎,19,6,229,2.6%
（再掲）熊　本　市,慢性閉塞性肺疾患（COPD）,1,0,229,0.0%
（再掲）熊　本　市,喘息,9,4,229,1.7%
（再掲）熊　本　市,その他の呼吸器系の病気,7,4,229,1.7%
（再掲）熊　本　市,胃・十二指腸の病気,9,6,229,2.6%
（再掲）熊　本　市,肝臓・胆のうの病気,8,5,229,2.2%
（再掲）熊　本　市,その他の消化器系の病気,10,6,229,2.6%
（再掲）熊　本　市,歯の病気,45,24,229,10.5%
（再掲）熊　本　市,アトピー性皮膚炎,5,1,229,0.4%
（再掲）熊　本　市,その他の皮膚の病気,17,8,229,3.5%
（再掲）熊　本　市,痛風,11,5,229,2.2%
（再掲）熊　本　市,関節リウマチ,5,3,229,1.3%
（再掲）熊　本　市,関節症,13,10,229,4.4%
（再掲）熊　本　市,肩こり症,17,10,229,4.4%
（再掲）熊　本　市,腰痛症,33,22,229,9.6%
（再掲）熊　本　市,骨粗しょう症,12,10,229,4.4%
（再掲）熊　本　市,腎臓の病気,9,6,229,2.6%
（再掲）熊　本　市,前立腺肥大症,13,12,229,5.2%
（再掲）熊　本　市,閉経期又は閉経後障害（更年期障害等）,2,-,229,#VALUE!
（再掲）熊　本　市,骨折,4,2,229,0.9%
（再掲）熊　本　市,骨折以外のけが・やけど,5,2,229,0.9%
（再掲）熊　本　市,貧血・血液の病気,5,3,229,1.3%
（再掲）熊　本　市,悪性新生物（がん）,7,4,229,1.7%
（再掲）熊　本　市,妊娠・産褥（切迫流産、前置胎盤等）,1,-,229,#VALUE!
（再掲）熊　本　市,不妊症,1,-,229,#VALUE!
（再掲）熊　本　市,その他,17,4,229,1.7%
（再掲）熊　本　市,不　明,1,0,229,0.0%
（再掲）熊　本　市,不　　詳,2,2,229,0.9%
